rank,hex_id,points_count,neighbor_points_count,density,score,confidence,category
1,892c2aab33bffff,10,0,0,63.0233,1,HIGH
2,892c2aa951bffff,7,0,0,50.2089,0.85,HIGH
3,892c2aab30fffff,5,0,0,47.7153,0.79,MEDIUM
4,892c2aab367ffff,6,0,0,41.8325,0.71,MEDIUM
5,892c2aab307ffff,13,0,0,39.5413,0.75,MEDIUM
6,892c2aa9553ffff,11,0,0,38.9922,0.72,MEDIUM
7,892c2a334d7ffff,0,0,0,38.8889,0.6,MEDIUM
8,892c2aab36fffff,2,0,0,38.1417,0.61,MEDIUM
9,892c2aa95cfffff,12,0,0,36.9983,0.7,MEDIUM
10,892c2aab377ffff,4,0,0,34.1537,0.57,MEDIUM
11,892c2aab00fffff,6,0,0,33.4065,0.58,MEDIUM
12,892c2aab38bffff,1,0,0,33.006,0.52,MEDIUM
13,892c2aab38fffff,18,0,0,32.8122,0.7,MEDIUM
14,892c2aa959bffff,13,0,0,30.4673,0.61,MEDIUM
15,892c2a1610bffff,0,0,0,30.463,0.47,MEDIUM
16,892c2aab1c7ffff,0,0,0,30.463,0.47,MEDIUM
17,892c2aab317ffff,9,0,0,29.3691,0.55,MEDIUM
18,892c2aa95bbffff,5,0,0,28.919,0.5,MEDIUM
19,892c2aa86c7ffff,4,0,0,28.3204,0.48,MEDIUM
20,892c2aa8693ffff,2,0,0,27.7713,0.45,MEDIUM
21,892c2aa9557ffff,17,0,0,27.6766,0.61,MEDIUM
22,892c2aa8657ffff,2,0,0,27.1232,0.44,MEDIUM
23,892c2aab39bffff,5,0,0,26.3264,0.46,MEDIUM
24,892c2aa868bffff,0,0,0,25.9259,0.4,MEDIUM
25,892c2aab313ffff,1,0,0,25.8764,0.41,MEDIUM
26,892c2aab117ffff,2,0,0,25.1787,0.41,MEDIUM
27,892c2aab323ffff,8,0,0,24.8816,0.47,MEDIUM
28,892c2aab11bffff,1,0,0,24.5801,0.39,MEDIUM
29,892c2aab077ffff,6,0,0,24.3325,0.44,MEDIUM
30,892c2aa8697ffff,0,0,0,23.9815,0.37,MEDIUM
31,892c2aa95b3ffff,1,0,0,23.932,0.38,MEDIUM
32,892c2aab143ffff,0,0,0,23.3333,0.36,MEDIUM
33,892c2aa95d7ffff,5,0,0,23.0857,0.41,MEDIUM
34,892c2aab14fffff,6,0,0,23.0362,0.42,MEDIUM
35,892c2aa94afffff,1,0,0,22.6357,0.36,MEDIUM
36,892c2aab303ffff,1,0,0,22.6357,0.36,MEDIUM
37,892c2aab1c3ffff,1,0,0,21.9875,0.35,MEDIUM
38,892c2aab1d7ffff,0,0,0,21.3889,0.33,MEDIUM
39,892c2aa8353ffff,0,0,0,21.3889,0.33,MEDIUM
40,892c2aab18fffff,0,0,0,21.3889,0.33,MEDIUM
41,892c2aab193ffff,1,0,0,21.3394,0.34,MEDIUM
42,892c2aa8643ffff,0,0,0,20.7407,0.32,MEDIUM
43,892c2aab4b3ffff,0,0,0,20.7407,0.32,MEDIUM
44,892c2aab067ffff,9,0,0,20.295,0.41,MEDIUM
45,892c2aab3abffff,12,0,0,20.1464,0.44,MEDIUM
46,892c2aaa567ffff,2,0,0,19.9935,0.33,LOW
47,892c2aa957bffff,3,0,0,19.944,0.34,LOW
48,892c2aab557ffff,0,0,0,19.4444,0.3,LOW
49,892c2a3349bffff,0,0,0,19.4444,0.3,LOW
50,892c2aa95dbffff,6,0,0,19.1473,0.36,LOW
51,892c2aa95d3ffff,4,0,0,18.5982,0.33,LOW
52,892c2aab113ffff,11,0,0,18.2515,0.4,LOW
53,892c2aab577ffff,0,0,0,18.1481,0.28,LOW
54,892c2aab18bffff,4,0,0,17.95,0.32,LOW
55,892c2aab57bffff,5,0,0,17.9005,0.33,LOW
56,892c2ab9b63ffff,0,0,0,17.5,0.27,LOW
57,892c2aa95abffff,0,0,0,17.5,0.27,LOW
58,892c2aab5c3ffff,1,0,0,17.4505,0.28,LOW
59,892c2aab023ffff,1,0,0,17.4505,0.28,LOW
60,892c2aab10bffff,5,0,0,17.2524,0.32,LOW
61,892c2aa95cbffff,22,0,0,17.0586,0.5,LOW
62,892c2aab383ffff,12,0,0,16.9057,0.39,LOW
63,892c2aa9583ffff,2,0,0,16.7528,0.28,LOW
64,892c2aab1cfffff,2,0,0,16.7528,0.28,LOW
65,892c2aab127ffff,2,0,0,16.7528,0.28,LOW
66,892c2aab103ffff,4,0,0,16.6537,0.3,LOW
67,892c2aa864bffff,9,0,0,16.4061,0.35,LOW
68,892c2aa9587ffff,13,0,0,16.208,0.39,LOW
69,892c2aaa56fffff,0,0,0,16.2037,0.25,LOW
70,892c2aaa5c7ffff,0,0,0,16.2037,0.25,LOW
71,892c2aab033ffff,1,0,0,16.1542,0.26,LOW
72,892c2aab56bffff,1,0,0,16.1542,0.26,LOW
73,892c2aa861bffff,2,0,0,16.1047,0.27,LOW
74,892c2aab163ffff,2,0,0,16.1047,0.27,LOW
75,892c2aab50bffff,2,0,0,16.1047,0.27,LOW
76,892c2aab1bbffff,2,0,0,16.1047,0.27,LOW
77,892c2ab9a2bffff,2,0,0,16.1047,0.27,LOW
78,892c2aab03bffff,6,0,0,15.9065,0.31,LOW
79,892c2aab187ffff,0,0,0,15.5556,0.24,LOW
80,892c2aaa577ffff,0,0,0,15.5556,0.24,LOW
81,892c2aa90b7ffff,1,0,0,15.506,0.25,LOW
82,892c2aa86b7ffff,2,0,0,15.4565,0.26,LOW
83,892c2aab12fffff,2,0,0,15.4565,0.26,LOW
84,892c2aab10fffff,2,0,0,15.4565,0.26,LOW
85,892c2aab543ffff,3,0,0,15.407,0.27,LOW
86,892c2aab483ffff,3,0,0,15.407,0.27,LOW
87,892c2aa9eabffff,0,0,0,14.9074,0.23,LOW
88,892c2aaa267ffff,0,0,0,14.9074,0.23,LOW
89,892c2aab59bffff,0,0,0,14.9074,0.23,LOW
90,892c2aab54fffff,0,0,0,14.9074,0.23,LOW
91,892c2aa9e33ffff,1,0,0,14.8579,0.24,LOW
92,892c2aab487ffff,2,0,0,14.8084,0.25,LOW
93,892c2aa8683ffff,2,0,0,14.8084,0.25,LOW
94,892c2aab02bffff,8,0,0,14.5112,0.31,LOW
95,892c2a334cfffff,0,0,0,14.2593,0.22,LOW
96,892c2aa86a3ffff,0,0,0,14.2593,0.22,LOW
97,892c2aa84abffff,0,0,0,14.2593,0.22,LOW
98,892c2aaa51bffff,0,0,0,14.2593,0.22,LOW
99,892c2aaa817ffff,0,0,0,14.2593,0.22,LOW
100,892c2aab153ffff,0,0,0,14.2593,0.22,LOW
101,892c2aab1d3ffff,0,0,0,14.2593,0.22,LOW
102,892c2aa9c1bffff,1,0,0,14.2097,0.23,LOW
103,892c2aaaecbffff,1,0,0,14.2097,0.23,LOW
104,892c2aab32bffff,15,0,0,14.1645,0.38,LOW
105,892c2aab497ffff,2,0,0,14.1602,0.24,LOW
106,892c2aab16bffff,3,0,0,14.1107,0.25,LOW
107,892c2aa9543ffff,23,0,0,13.7683,0.46,LOW
108,892c2aab3d7ffff,0,0,0,13.6111,0.21,LOW
109,892c2aa845bffff,0,0,0,13.6111,0.21,LOW
110,892c2aa9573ffff,0,0,0,13.6111,0.21,LOW
111,892c2aaae77ffff,0,0,0,13.6111,0.21,LOW
112,892c2aa9857ffff,0,0,0,13.6111,0.21,LOW
113,892c2aab4a7ffff,1,0,0,13.5616,0.22,LOW
114,892c2aab3afffff,1,0,0,13.5616,0.22,LOW
115,892c2aab4bbffff,2,0,0,13.5121,0.23,LOW
116,892c2aa8613ffff,2,0,0,13.5121,0.23,LOW
117,892c2aa84cbffff,3,0,0,13.4625,0.24,LOW
118,892c2aa91c3ffff,3,0,0,13.4625,0.24,LOW
119,892c2aa86cfffff,8,0,0,13.2149,0.29,LOW
120,892c2aab3a3ffff,0,0,0,12.963,0.2,LOW
121,892c2aaaa8bffff,0,0,0,12.963,0.2,LOW
122,892c2aaae0fffff,0,0,0,12.963,0.2,LOW
123,892c2aa8407ffff,0,0,0,12.963,0.2,LOW
124,892c2aab48bffff,0,0,0,12.963,0.2,LOW
125,892c2aaae23ffff,0,0,0,12.963,0.2,LOW
126,892c2aaa15bffff,0,0,0,12.963,0.2,LOW
127,892c2a334c3ffff,0,0,0,12.963,0.2,LOW
128,892c2aab55bffff,1,0,0,12.9134,0.21,LOW
129,892c2aab447ffff,1,0,0,12.9134,0.21,LOW
130,892c2aa9157ffff,1,0,0,12.9134,0.21,LOW
131,892c2aa9033ffff,2,0,0,12.8639,0.22,LOW
132,892c2aab007ffff,5,0,0,12.7153,0.25,LOW
133,892c2aab547ffff,5,0,0,12.7153,0.25,LOW
134,892c2aab183ffff,7,0,0,12.6163,0.27,LOW
135,892c2aa865bffff,11,0,0,12.4182,0.31,LOW
136,892c2aa9cc7ffff,0,0,0,12.3148,0.19,LOW
137,892c2aab4abffff,0,0,0,12.3148,0.19,LOW
138,892c2aaa50bffff,0,0,0,12.3148,0.19,LOW
139,892c2aaa313ffff,0,0,0,12.3148,0.19,LOW
140,892c2aaae6fffff,0,0,0,12.3148,0.19,LOW
141,892c2aab4b7ffff,0,0,0,12.3148,0.19,LOW
142,892c2aab393ffff,14,0,0,12.2696,0.34,LOW
143,892c2aa9acbffff,1,0,0,12.2653,0.2,LOW
144,892c2aaa197ffff,1,0,0,12.2653,0.2,LOW
145,892c2aaa19bffff,1,0,0,12.2653,0.2,LOW
146,892c2aaa38bffff,1,0,0,12.2653,0.2,LOW
147,892c2ab9b4bffff,1,0,0,12.2653,0.2,LOW
148,892c2aaa3c3ffff,1,0,0,12.2653,0.2,LOW
149,892c2aa9c53ffff,1,0,0,12.2653,0.2,LOW
150,892c2aa900fffff,1,0,0,12.2653,0.2,LOW
151,892c2aa911bffff,1,0,0,12.2653,0.2,LOW
152,892c2aa9563ffff,2,0,0,12.2158,0.21,LOW
153,892c2aab4afffff,2,0,0,12.2158,0.21,LOW
154,892c2aab5cfffff,2,0,0,12.2158,0.21,LOW
155,892c2aab5dbffff,2,0,0,12.2158,0.21,LOW
156,892c2aa958bffff,3,0,0,12.1662,0.22,LOW
157,892c2aab333ffff,6,0,0,12.0177,0.25,LOW
158,892c2aab173ffff,7,0,0,11.9681,0.26,LOW
159,892c2aaa3cbffff,0,0,0,11.6667,0.18,LOW
160,892c2aaaad7ffff,0,0,0,11.6667,0.18,LOW
161,892c2aa86abffff,0,0,0,11.6667,0.18,LOW
162,892c2aa917bffff,0,0,0,11.6667,0.18,LOW
163,892c2aaa87bffff,0,0,0,11.6667,0.18,LOW
164,892c2aa95b7ffff,0,0,0,11.6667,0.18,LOW
165,892c2aa8453ffff,0,0,0,11.6667,0.18,LOW
166,892c2aaaa83ffff,0,0,0,11.6667,0.18,LOW
167,892c2ab9b7bffff,0,0,0,11.6667,0.18,LOW
168,892c2a06997ffff,0,0,0,11.6667,0.18,LOW
169,892c2aaae2fffff,0,0,0,11.6667,0.18,LOW
170,892c2aab48fffff,1,0,0,11.6171,0.19,LOW
171,892c2aa860fffff,1,0,0,11.6171,0.19,LOW
172,892c2aab36bffff,2,0,0,11.5676,0.2,LOW
173,892c2aab017ffff,2,0,0,11.5676,0.2,LOW
174,892c2aab107ffff,2,0,0,11.5676,0.2,LOW
175,892c2aaa8c7ffff,3,0,0,11.5181,0.21,LOW
176,892c2aa8647ffff,3,0,0,11.5181,0.21,LOW
177,892c2aa8403ffff,0,0,0,11.0185,0.17,LOW
178,892c2a06987ffff,0,0,0,11.0185,0.17,LOW
179,892c2aaa523ffff,0,0,0,11.0185,0.17,LOW
180,892c2aa9d43ffff,0,0,0,11.0185,0.17,LOW
181,892c2aa826fffff,0,0,0,11.0185,0.17,LOW
182,892c2ab9a77ffff,0,0,0,11.0185,0.17,LOW
183,892c2aa84b3ffff,0,0,0,11.0185,0.17,LOW
184,892c2aaa3d3ffff,0,0,0,11.0185,0.17,LOW
185,892c2aab437ffff,1,0,0,10.969,0.18,LOW
186,892c2ab9b4fffff,1,0,0,10.969,0.18,LOW
187,892c2aa849bffff,1,0,0,10.969,0.18,LOW
188,892c2aab4a3ffff,1,0,0,10.969,0.18,LOW
189,892c2aab573ffff,1,0,0,10.969,0.18,LOW
190,892c2aab1b3ffff,1,0,0,10.969,0.18,LOW
191,892c2aab5cbffff,2,0,0,10.9195,0.19,LOW
192,892c2aa954fffff,5,0,0,10.7709,0.22,LOW
193,892c2aa95c7ffff,11,0,0,10.4737,0.28,LOW
194,892c2aa9c5bffff,0,0,0,10.3704,0.16,LOW
195,892c2aaa53bffff,0,0,0,10.3704,0.16,LOW
196,892c2aa910bffff,0,0,0,10.3704,0.16,LOW
197,892c2aa125bffff,0,0,0,10.3704,0.16,LOW
198,892c2ab9b6bffff,0,0,0,10.3704,0.16,LOW
199,892c2aaa8c3ffff,0,0,0,10.3704,0.16,LOW
200,892c2aab503ffff,0,0,0,10.3704,0.16,LOW
201,892c2aa9e8fffff,0,0,0,10.3704,0.16,LOW
202,892c2aab363ffff,0,0,0,10.3704,0.16,LOW
203,892c2aaa9cbffff,0,0,0,10.3704,0.16,LOW
204,892c2aa9437ffff,1,0,0,10.3208,0.17,LOW
205,892c2aa9a5bffff,1,0,0,10.3208,0.17,LOW
206,892c2aaa813ffff,1,0,0,10.3208,0.17,LOW
207,892c2aa84c3ffff,2,0,0,10.2713,0.18,LOW
208,892c2aa956bffff,2,0,0,10.2713,0.18,LOW
209,892c2aab397ffff,3,0,0,10.2218,0.19,LOW
210,892c2aab387ffff,5,0,0,10.1227,0.21,LOW
211,892c2aa95c3ffff,7,0,0,10.0237,0.23,LOW
212,892c2aa9ea3ffff,0,0,0,9.72222,0.15,LOW
213,892c2aaa3d7ffff,0,0,0,9.72222,0.15,LOW
214,892c2aab1cbffff,0,0,0,9.72222,0.15,LOW
215,892c2a334d3ffff,0,0,0,9.72222,0.15,LOW
216,892c2aa9c13ffff,0,0,0,9.72222,0.15,LOW
217,892c2aaa833ffff,0,0,0,9.72222,0.15,LOW
218,892c2aab5d7ffff,1,0,0,9.6727,0.16,LOW
219,892c2aaa573ffff,1,0,0,9.6727,0.16,LOW
220,892c2aa9c4fffff,2,0,0,9.62317,0.17,LOW
221,892c2aab157ffff,4,0,0,9.52412,0.19,LOW
222,892c2aa9ebbffff,0,0,0,9.07407,0.14,LOW
223,892c2aaa803ffff,0,0,0,9.07407,0.14,LOW
224,892c2aab31bffff,0,0,0,9.07407,0.14,LOW
225,892c2aa95a3ffff,0,0,0,9.07407,0.14,LOW
226,892c2aaa8bbffff,0,0,0,9.07407,0.14,LOW
227,892c2aaa38fffff,0,0,0,9.07407,0.14,LOW
228,892c2aa9cc3ffff,0,0,0,9.07407,0.14,LOW
229,892c2aaa827ffff,0,0,0,9.07407,0.14,LOW
230,892c2aaa83bffff,0,0,0,9.07407,0.14,LOW
231,892c2aa9ccfffff,0,0,0,9.07407,0.14,LOW
232,892c2aab0b7ffff,0,0,0,9.07407,0.14,LOW
233,892c2aa8413ffff,0,0,0,9.07407,0.14,LOW
234,892c2aaac6fffff,0,0,0,9.07407,0.14,LOW
235,892c2aaa8a7ffff,0,0,0,9.07407,0.14,LOW
236,892c2aa9ec7ffff,0,0,0,9.07407,0.14,LOW
237,892c2aaa52bffff,0,0,0,9.07407,0.14,LOW
238,892c2aaa58fffff,0,0,0,9.07407,0.14,LOW
239,892c2aa9517ffff,0,0,0,9.07407,0.14,LOW
240,892c2aa9c57ffff,0,0,0,9.07407,0.14,LOW
241,892c2aab147ffff,0,0,0,9.07407,0.14,LOW
242,892c2aaa8d3ffff,0,0,0,9.07407,0.14,LOW
243,892c2aaa58bffff,1,0,0,9.02455,0.15,LOW
244,892c2aa8473ffff,1,0,0,9.02455,0.15,LOW
245,892c2aa9577ffff,1,0,0,9.02455,0.15,LOW
246,892c2aaa3cfffff,1,0,0,9.02455,0.15,LOW
247,892c2aa84d7ffff,1,0,0,9.02455,0.15,LOW
248,892c2aa84a3ffff,1,0,0,9.02455,0.15,LOW
249,892c2aa9593ffff,2,0,0,8.97502,0.16,LOW
250,892c2aaa33bffff,2,0,0,8.97502,0.16,LOW
251,892c2aab3b7ffff,3,0,0,8.9255,0.17,LOW
252,892c2aa86d7ffff,3,0,0,8.9255,0.17,LOW
253,892c2aa8653ffff,6,0,0,8.77692,0.2,LOW
254,892c2aa9eb3ffff,0,0,0,8.42593,0.13,LOW
255,892c2ab9b77ffff,0,0,0,8.42593,0.13,LOW
256,892c2aaa847ffff,0,0,0,8.42593,0.13,LOW
257,892c2aa98bbffff,0,0,0,8.42593,0.13,LOW
258,892c2aa9887ffff,0,0,0,8.42593,0.13,LOW
259,892c2aaa81bffff,0,0,0,8.42593,0.13,LOW
260,892c2aa9077ffff,0,0,0,8.42593,0.13,LOW
261,892c2aaa807ffff,0,0,0,8.42593,0.13,LOW
262,892c2aaaa97ffff,0,0,0,8.42593,0.13,LOW
263,892c2a33593ffff,0,0,0,8.42593,0.13,LOW
264,892c2aa9e87ffff,0,0,0,8.42593,0.13,LOW
265,892c2aa9ccbffff,0,0,0,8.42593,0.13,LOW
266,892c2aa91cfffff,0,0,0,8.42593,0.13,LOW
267,892c2aaae67ffff,0,0,0,8.42593,0.13,LOW
268,892c2aa98b3ffff,0,0,0,8.42593,0.13,LOW
269,892c2aaaaa3ffff,0,0,0,8.42593,0.13,LOW
270,892c2aa9387ffff,0,0,0,8.42593,0.13,LOW
271,892c2aaaa93ffff,0,0,0,8.42593,0.13,LOW
272,892c2aaaaa7ffff,0,0,0,8.42593,0.13,LOW
273,892c2aab3d3ffff,1,0,0,8.3764,0.14,LOW
274,892c2aa9507ffff,1,0,0,8.3764,0.14,LOW
275,892c2aaa143ffff,4,0,0,8.22782,0.17,LOW
276,892c2aa864fffff,6,0,0,8.12877,0.19,LOW
277,892c2aab553ffff,7,0,0,8.07924,0.2,LOW
278,892c2aaa8afffff,0,0,0,7.77778,0.12,LOW
279,892c2aa9057ffff,0,0,0,7.77778,0.12,LOW
280,892c2aa938bffff,0,0,0,7.77778,0.12,LOW
281,892c2aa9adbffff,0,0,0,7.77778,0.12,LOW
282,892c2aaa217ffff,0,0,0,7.77778,0.12,LOW
283,892c2aaa39bffff,0,0,0,7.77778,0.12,LOW
284,892c2aaa307ffff,0,0,0,7.77778,0.12,LOW
285,892c2ab9b0fffff,0,0,0,7.77778,0.12,LOW
286,892c2aaa837ffff,0,0,0,7.77778,0.12,LOW
287,892c2aaa8a3ffff,0,0,0,7.77778,0.12,LOW
288,892c2aa9c43ffff,0,0,0,7.77778,0.12,LOW
289,892c2aa844fffff,0,0,0,7.77778,0.12,LOW
290,892c2aaa52fffff,0,0,0,7.77778,0.12,LOW
291,892c2aab08bffff,0,0,0,7.77778,0.12,LOW
292,892c2aa9003ffff,0,0,0,7.77778,0.12,LOW
293,892c2aa9b67ffff,0,0,0,7.77778,0.12,LOW
294,892c2aa9d4fffff,0,0,0,7.77778,0.12,LOW
295,892c2aaaab7ffff,0,0,0,7.77778,0.12,LOW
296,892c2aa8493ffff,1,0,0,7.72825,0.13,LOW
297,892c2aab19bffff,1,0,0,7.72825,0.13,LOW
298,892c2aaa30fffff,1,0,0,7.72825,0.13,LOW
299,892c2aaa3dbffff,1,0,0,7.72825,0.13,LOW
300,892c2aaa14bffff,2,0,0,7.67873,0.14,LOW
301,892c2aa8603ffff,2,0,0,7.67873,0.14,LOW
302,892c2aaaab3ffff,0,0,0,7.12963,0.11,LOW
303,892c2aa985bffff,0,0,0,7.12963,0.11,LOW
304,892c2aab427ffff,0,0,0,7.12963,0.11,LOW
305,892c2a33457ffff,0,0,0,7.12963,0.11,LOW
306,892c2aab09bffff,0,0,0,7.12963,0.11,LOW
307,892c2aa9597ffff,0,0,0,7.12963,0.11,LOW
308,892c2aaa953ffff,0,0,0,7.12963,0.11,LOW
309,892c2aaa9c3ffff,0,0,0,7.12963,0.11,LOW
310,892c2aab1dbffff,0,0,0,7.12963,0.11,LOW
311,892c2aaa263ffff,0,0,0,7.12963,0.11,LOW
312,892c2aaa80fffff,0,0,0,7.12963,0.11,LOW
313,892c2aaa527ffff,0,0,0,7.12963,0.11,LOW
314,892c2aa9017ffff,0,0,0,7.12963,0.11,LOW
315,892c2aab3c7ffff,0,0,0,7.12963,0.11,LOW
316,892c2aaaaafffff,0,0,0,7.12963,0.11,LOW
317,892c2aa98cbffff,0,0,0,7.12963,0.11,LOW
318,892c2aa9a87ffff,0,0,0,7.12963,0.11,LOW
319,892c2aa9d4bffff,0,0,0,7.12963,0.11,LOW
320,892c2aa9843ffff,0,0,0,7.12963,0.11,LOW
321,892c2aa98cfffff,0,0,0,7.12963,0.11,LOW
322,892c2a06d97ffff,0,0,0,7.12963,0.11,LOW
323,892c2aab54bffff,0,0,0,7.12963,0.11,LOW
324,892c2aaa823ffff,0,0,0,7.12963,0.11,LOW
325,892c2aaa193ffff,0,0,0,7.12963,0.11,LOW
326,892c2aa93abffff,1,0,0,7.0801,0.12,LOW
327,892c2aaa337ffff,1,0,0,7.0801,0.12,LOW
328,892c2aa9173ffff,1,0,0,7.0801,0.12,LOW
329,892c2aaa8abffff,1,0,0,7.0801,0.12,LOW
330,892c2aaa2cbffff,1,0,0,7.0801,0.12,LOW
331,892c2aa914fffff,2,0,0,7.03058,0.13,LOW
332,892c2aaa843ffff,2,0,0,7.03058,0.13,LOW
333,892c2aaa563ffff,0,0,0,6.48148,0.1,LOW
334,892c2aa100bffff,0,0,0,6.48148,0.1,LOW
335,892c2aa9acfffff,0,0,0,6.48148,0.1,LOW
336,892c2aaa32fffff,0,0,0,6.48148,0.1,LOW
337,892c2aa9e2fffff,0,0,0,6.48148,0.1,LOW
338,892c2aaa173ffff,0,0,0,6.48148,0.1,LOW
339,892c2aaae07ffff,0,0,0,6.48148,0.1,LOW
340,892c2aa863bffff,0,0,0,6.48148,0.1,LOW
341,892c2aa9c6bffff,0,0,0,6.48148,0.1,LOW
342,892c2aaa84fffff,0,0,0,6.48148,0.1,LOW
343,892c2aaa2abffff,0,0,0,6.48148,0.1,LOW
344,892c2aa9cd3ffff,0,0,0,6.48148,0.1,LOW
345,892c2aaaecfffff,0,0,0,6.48148,0.1,LOW
346,892c2aa93a3ffff,0,0,0,6.48148,0.1,LOW
347,892c2aa86cbffff,0,0,0,6.48148,0.1,LOW
348,892c2aaaea3ffff,0,0,0,6.48148,0.1,LOW
349,892c2aaa0a7ffff,0,0,0,6.48148,0.1,LOW
350,892c2a334c7ffff,0,0,0,6.48148,0.1,LOW
351,892c2a0697bffff,0,0,0,6.48148,0.1,LOW
352,892c2aa98d3ffff,1,0,0,6.43196,0.11,LOW
353,892c2aa847bffff,1,0,0,6.43196,0.11,LOW
354,892c2aaa8d7ffff,1,0,0,6.43196,0.11,LOW
355,892c2aab473ffff,1,0,0,6.43196,0.11,LOW
356,892c2aa9023ffff,1,0,0,6.43196,0.11,LOW
357,892c2aab50fffff,1,0,0,6.43196,0.11,LOW
358,892c2aaa9dbffff,2,0,0,6.38243,0.12,LOW
359,892c2aab327ffff,2,0,0,6.38243,0.12,LOW
360,892c2aaa353ffff,2,0,0,6.38243,0.12,LOW
361,892c2aaa22fffff,3,0,0,6.3329,0.13,LOW
362,892c2aab17bffff,5,0,0,6.23385,0.15,LOW
363,892c2aaa513ffff,0,0,0,5.83333,0.09,LOW
364,892c2aa9e3bffff,0,0,0,5.83333,0.09,LOW
365,892c2a3341bffff,0,0,0,5.83333,0.09,LOW
366,892c2aa9323ffff,0,0,0,5.83333,0.09,LOW
367,892c2aa984bffff,0,0,0,5.83333,0.09,LOW
368,892c2aa9e37ffff,0,0,0,5.83333,0.09,LOW
369,892c2aaa277ffff,0,0,0,5.83333,0.09,LOW
370,892c2aa93b7ffff,0,0,0,5.83333,0.09,LOW
371,892c2a0694bffff,0,0,0,5.83333,0.09,LOW
372,892c2aaaa9bffff,0,0,0,5.83333,0.09,LOW
373,892c2ab9b73ffff,0,0,0,5.83333,0.09,LOW
374,892c2ab9a2fffff,0,0,0,5.83333,0.09,LOW
375,892c2aaa3b3ffff,0,0,0,5.83333,0.09,LOW
376,892c2aab51bffff,0,0,0,5.83333,0.09,LOW
377,892c2aaa5cfffff,0,0,0,5.83333,0.09,LOW
378,892c2aaa89bffff,0,0,0,5.83333,0.09,LOW
379,892c2aab537ffff,0,0,0,5.83333,0.09,LOW
380,892c2aaa857ffff,0,0,0,5.83333,0.09,LOW
381,892c2aaa223ffff,0,0,0,5.83333,0.09,LOW
382,892c2aaad0fffff,0,0,0,5.83333,0.09,LOW
383,892c2aa9c4bffff,0,0,0,5.83333,0.09,LOW
384,892c2aaa1d3ffff,0,0,0,5.83333,0.09,LOW
385,892c2aab41bffff,0,0,0,5.83333,0.09,LOW
386,892c2aa9a53ffff,0,0,0,5.83333,0.09,LOW
387,892c2aaae17ffff,0,0,0,5.83333,0.09,LOW
388,892c2aaa9cfffff,0,0,0,5.83333,0.09,LOW
389,892c2aa9eafffff,0,0,0,5.83333,0.09,LOW
390,892c2aa8687ffff,1,0,0,5.78381,0.1,LOW
391,892c2aaaa8fffff,1,0,0,5.78381,0.1,LOW
392,892c2aaa32bffff,1,0,0,5.78381,0.1,LOW
393,892c2aaa31bffff,1,0,0,5.78381,0.1,LOW
394,892c2aab567ffff,1,0,0,5.78381,0.1,LOW
395,892c2aab417ffff,1,0,0,5.78381,0.1,LOW
396,892c2aa950fffff,2,0,0,5.73428,0.11,LOW
397,892c2aa9147ffff,6,0,0,5.53618,0.15,LOW
398,892c2aab3bbffff,12,0,0,5.23902,0.21,LOW
399,892c2aa989bffff,0,0,0,5.18519,0.08,LOW
400,892c2aa8607ffff,0,0,0,5.18519,0.08,LOW
401,892c2aa866bffff,0,0,0,5.18519,0.08,LOW
402,892c2ab9b6fffff,0,0,0,5.18519,0.08,LOW
403,892c2aa903bffff,0,0,0,5.18519,0.08,LOW
404,892c2aaa957ffff,0,0,0,5.18519,0.08,LOW
405,892c2aa98c3ffff,0,0,0,5.18519,0.08,LOW
406,892c2aaa9c7ffff,0,0,0,5.18519,0.08,LOW
407,892c2aa840fffff,0,0,0,5.18519,0.08,LOW
408,892c2ab9a3bffff,0,0,0,5.18519,0.08,LOW
409,892c2aa8677ffff,0,0,0,5.18519,0.08,LOW
410,892c2aab14bffff,0,0,0,5.18519,0.08,LOW
411,892c2aa9e23ffff,0,0,0,5.18519,0.08,LOW
412,892c2aa9ad3ffff,0,0,0,5.18519,0.08,LOW
413,892c2aaad73ffff,0,0,0,5.18519,0.08,LOW
414,892c2aa90c7ffff,0,0,0,5.18519,0.08,LOW
415,892c2aa9b2bffff,0,0,0,5.18519,0.08,LOW
416,892c2aaa517ffff,0,0,0,5.18519,0.08,LOW
417,892c2a3348bffff,0,0,0,5.18519,0.08,LOW
418,892c2aa84b7ffff,0,0,0,5.18519,0.08,LOW
419,892c2aa93b3ffff,0,0,0,5.18519,0.08,LOW
420,892c2aa126bffff,0,0,0,5.18519,0.08,LOW
421,892c2aaa853ffff,0,0,0,5.18519,0.08,LOW
422,892c2aab22bffff,0,0,0,5.18519,0.08,LOW
423,892c2aaae2bffff,0,0,0,5.18519,0.08,LOW
424,892c2a30693ffff,0,0,0,5.18519,0.08,LOW
425,892c2aaae63ffff,0,0,0,5.18519,0.08,LOW
426,892c2aab407ffff,0,0,0,5.18519,0.08,LOW
427,892c2aab3a7ffff,0,0,0,5.18519,0.08,LOW
428,892c2aab49bffff,0,0,0,5.18519,0.08,LOW
429,892c2aa9037ffff,0,0,0,5.18519,0.08,LOW
430,892c2aa9a4bffff,0,0,0,5.18519,0.08,LOW
431,892c2aa939bffff,0,0,0,5.18519,0.08,LOW
432,892c2aa840bffff,0,0,0,5.18519,0.08,LOW
433,892c2aaa57bffff,0,0,0,5.18519,0.08,LOW
434,892c2aa9ed7ffff,0,0,0,5.18519,0.08,LOW
435,892c2aa9503ffff,1,0,0,5.13566,0.09,LOW
436,892c2aab52bffff,1,0,0,5.13566,0.09,LOW
437,892c2aaa387ffff,1,0,0,5.13566,0.09,LOW
438,892c2aa860bffff,1,0,0,5.13566,0.09,LOW
439,892c2aa914bffff,1,0,0,5.13566,0.09,LOW
440,892c2aab02fffff,1,0,0,5.13566,0.09,LOW
441,892c2aa902bffff,1,0,0,5.13566,0.09,LOW
442,892c2aa86bbffff,2,0,0,5.08613,0.1,LOW
443,892c2aab563ffff,3,0,0,5.03661,0.11,LOW
444,892c2aa1497ffff,3,0,0,5.03661,0.11,LOW
445,892c2aa8617ffff,0,0,0,4.53704,0.07,LOW
446,892c2aa8633ffff,0,0,0,4.53704,0.07,LOW
447,892c2aaae03ffff,0,0,0,4.53704,0.07,LOW
448,892c2aa9ab3ffff,0,0,0,4.53704,0.07,LOW
449,892c2aa9327ffff,0,0,0,4.53704,0.07,LOW
450,892c2aa90a7ffff,0,0,0,4.53704,0.07,LOW
451,892c2aa8073ffff,0,0,0,4.53704,0.07,LOW
452,892c2aaa327ffff,0,0,0,4.53704,0.07,LOW
453,892c2aab5d3ffff,0,0,0,4.53704,0.07,LOW
454,892c2aa93bbffff,0,0,0,4.53704,0.07,LOW
455,892c2a06ba3ffff,0,0,0,4.53704,0.07,LOW
456,892c2aa9a83ffff,0,0,0,4.53704,0.07,LOW
457,892c2aa1313ffff,0,0,0,4.53704,0.07,LOW
458,892c2aaad77ffff,0,0,0,4.53704,0.07,LOW
459,892c2aab5c7ffff,0,0,0,4.53704,0.07,LOW
460,892c2aa9897ffff,0,0,0,4.53704,0.07,LOW
461,892c2aab1abffff,0,0,0,4.53704,0.07,LOW
462,892c2a0698bffff,0,0,0,4.53704,0.07,LOW
463,892c2aa9e8bffff,0,0,0,4.53704,0.07,LOW
464,892c2aa9817ffff,0,0,0,4.53704,0.07,LOW
465,892c2aa9a97ffff,0,0,0,4.53704,0.07,LOW
466,892c2aab177ffff,0,0,0,4.53704,0.07,LOW
467,892c2aa9e63ffff,0,0,0,4.53704,0.07,LOW
468,892c2aa9a93ffff,0,0,0,4.53704,0.07,LOW
469,892c2aa9c0bffff,0,0,0,4.53704,0.07,LOW
470,892c2aa91dbffff,0,0,0,4.53704,0.07,LOW
471,892c2aaa1d7ffff,0,0,0,4.53704,0.07,LOW
472,892c2a1691bffff,0,0,0,4.53704,0.07,LOW
473,892c2aab08fffff,0,0,0,4.53704,0.07,LOW
474,892c2aa9393ffff,0,0,0,4.53704,0.07,LOW
475,892c2aab00bffff,0,0,0,4.53704,0.07,LOW
476,892c2aa9ec3ffff,0,0,0,4.53704,0.07,LOW
477,892c2aaa2afffff,0,0,0,4.53704,0.07,LOW
478,892c2aa844bffff,0,0,0,4.53704,0.07,LOW
479,892c2aa8057ffff,0,0,0,4.53704,0.07,LOW
480,892c2aaa373ffff,0,0,0,4.53704,0.07,LOW
481,892c2aab463ffff,0,0,0,4.53704,0.07,LOW
482,892c2aaa503ffff,0,0,0,4.53704,0.07,LOW
483,892c2aaacd3ffff,0,0,0,4.53704,0.07,LOW
484,892c2aa9813ffff,0,0,0,4.53704,0.07,LOW
485,892c2aa9103ffff,0,0,0,4.53704,0.07,LOW
486,892c2aa9e1bffff,1,0,0,4.48751,0.08,LOW
487,892c2aab58bffff,1,0,0,4.48751,0.08,LOW
488,892c2aab1a3ffff,1,0,0,4.48751,0.08,LOW
489,892c2aa916fffff,1,0,0,4.48751,0.08,LOW
490,892c2aaa2bbffff,1,0,0,4.48751,0.08,LOW
491,892c2aa9ea7ffff,1,0,0,4.48751,0.08,LOW
492,892c2aaa323ffff,1,0,0,4.48751,0.08,LOW
493,892c2aaa37bffff,1,0,0,4.48751,0.08,LOW
494,892c2aaaa87ffff,2,0,0,4.43798,0.09,LOW
495,892c2aa90afffff,3,0,0,4.38846,0.1,LOW
496,892c2aa9513ffff,43,0,0,4.35185,0.53,LOW
497,892c2aab15bffff,0,0,0,3.88889,0.06,LOW
498,892c2aaa9d3ffff,0,0,0,3.88889,0.06,LOW
499,892c2aa103bffff,0,0,0,3.88889,0.06,LOW
500,892c2aa9cd7ffff,0,0,0,3.88889,0.06,LOW
501,892c2aa9e6bffff,0,0,0,3.88889,0.06,LOW
502,892c2a32027ffff,0,0,0,3.88889,0.06,LOW
503,892c2aa86d3ffff,0,0,0,3.88889,0.06,LOW
504,892c2aa8bcbffff,0,0,0,3.88889,0.06,LOW
505,892c2aaae37ffff,0,0,0,3.88889,0.06,LOW
506,892c2aa1367ffff,0,0,0,3.88889,0.06,LOW
507,892c2aa902fffff,0,0,0,3.88889,0.06,LOW
508,892c2aaa88fffff,0,0,0,3.88889,0.06,LOW
509,892c2aa93a7ffff,0,0,0,3.88889,0.06,LOW
510,892c2aa867bffff,0,0,0,3.88889,0.06,LOW
511,892c2aaad4fffff,0,0,0,3.88889,0.06,LOW
512,892c2aa9e27ffff,0,0,0,3.88889,0.06,LOW
513,892c2aa9953ffff,0,0,0,3.88889,0.06,LOW
514,892c2a16173ffff,0,0,0,3.88889,0.06,LOW
515,892c2aa102bffff,0,0,0,3.88889,0.06,LOW
516,892c2aaa287ffff,0,0,0,3.88889,0.06,LOW
517,892c2aab037ffff,0,0,0,3.88889,0.06,LOW
518,892c2aaa377ffff,0,0,0,3.88889,0.06,LOW
519,892c2aaaeafffff,0,0,0,3.88889,0.06,LOW
520,892c2aa981bffff,0,0,0,3.88889,0.06,LOW
521,892c2aaa893ffff,0,0,0,3.88889,0.06,LOW
522,892c2aaae13ffff,0,0,0,3.88889,0.06,LOW
523,892c2aaa5abffff,0,0,0,3.88889,0.06,LOW
524,892c2a321cbffff,0,0,0,3.88889,0.06,LOW
525,892c2ab9b3bffff,0,0,0,3.88889,0.06,LOW
526,892c2ab9b5bffff,0,0,0,3.88889,0.06,LOW
527,892c2aaa547ffff,0,0,0,3.88889,0.06,LOW
528,892c2aa9ab7ffff,0,0,0,3.88889,0.06,LOW
529,892c2a06db3ffff,0,0,0,3.88889,0.06,LOW
530,892c2aaa467ffff,0,0,0,3.88889,0.06,LOW
531,892c2aab423ffff,0,0,0,3.88889,0.06,LOW
532,892c2aa9013ffff,0,0,0,3.88889,0.06,LOW
533,892c2aa9eb7ffff,0,0,0,3.88889,0.06,LOW
534,892c2aaa2a3ffff,0,0,0,3.88889,0.06,LOW
535,892c2aa84cfffff,0,0,0,3.88889,0.06,LOW
536,892c2aab027ffff,0,0,0,3.88889,0.06,LOW
537,892c2aa953bffff,0,0,0,3.88889,0.06,LOW
538,892c2aaa207ffff,0,0,0,3.88889,0.06,LOW
539,892c2aa9c8bffff,0,0,0,3.88889,0.06,LOW
540,892c2aaa583ffff,0,0,0,3.88889,0.06,LOW
541,892c2a06d87ffff,0,0,0,3.88889,0.06,LOW
542,892c2aa866fffff,0,0,0,3.88889,0.06,LOW
543,892c2aa98d7ffff,0,0,0,3.88889,0.06,LOW
544,892c2aaabd3ffff,0,0,0,3.88889,0.06,LOW
545,892c2ab9b67ffff,0,0,0,3.88889,0.06,LOW
546,892c2aaa88bffff,0,0,0,3.88889,0.06,LOW
547,892c2aaa82bffff,0,0,0,3.88889,0.06,LOW
548,892c2aa800fffff,1,0,0,3.83936,0.07,LOW
549,892c2aaaeb7ffff,1,0,0,3.83936,0.07,LOW
550,892c2aa8283ffff,1,0,0,3.83936,0.07,LOW
551,892c2aaa883ffff,1,0,0,3.83936,0.07,LOW
552,892c2aaa183ffff,1,0,0,3.83936,0.07,LOW
553,892c2aa84bbffff,1,0,0,3.83936,0.07,LOW
554,892c2aa9523ffff,2,0,0,3.78984,0.08,LOW
555,892c2aab513ffff,2,0,0,3.78984,0.08,LOW
556,892c2aab0d7ffff,2,0,0,3.78984,0.08,LOW
557,892c2aab56fffff,2,0,0,3.78984,0.08,LOW
558,892c2aab493ffff,2,0,0,3.78984,0.08,LOW
559,892c2aab4c7ffff,0,0,0,3.24074,0.05,LOW
560,892c2aaa18bffff,0,0,0,3.24074,0.05,LOW
561,892c2aaa233ffff,0,0,0,3.24074,0.05,LOW
562,892c2a3351bffff,0,0,0,3.24074,0.05,LOW
563,892c2a069b3ffff,0,0,0,3.24074,0.05,LOW
564,892c2aa9123ffff,0,0,0,3.24074,0.05,LOW
565,892c2aaac0fffff,0,0,0,3.24074,0.05,LOW
566,892c2aa9167ffff,0,0,0,3.24074,0.05,LOW
567,892c2aa9e17ffff,0,0,0,3.24074,0.05,LOW
568,892c2aab137ffff,0,0,0,3.24074,0.05,LOW
569,892c2aa9a2bffff,0,0,0,3.24074,0.05,LOW
570,892c2aa933bffff,0,0,0,3.24074,0.05,LOW
571,892c2aa932fffff,0,0,0,3.24074,0.05,LOW
572,892c2aa9e9bffff,0,0,0,3.24074,0.05,LOW
573,892c2aaad47ffff,0,0,0,3.24074,0.05,LOW
574,892c2aaad4bffff,0,0,0,3.24074,0.05,LOW
575,892c2aa136bffff,0,0,0,3.24074,0.05,LOW
576,892c2aaae0bffff,0,0,0,3.24074,0.05,LOW
577,892c2aa862bffff,0,0,0,3.24074,0.05,LOW
578,892c2aa9a33ffff,0,0,0,3.24074,0.05,LOW
579,892c2aa91d3ffff,0,0,0,3.24074,0.05,LOW
580,892c2a33483ffff,0,0,0,3.24074,0.05,LOW
581,892c2aab3c3ffff,0,0,0,3.24074,0.05,LOW
582,892c2aaae33ffff,0,0,0,3.24074,0.05,LOW
583,892c2aa9333ffff,0,0,0,3.24074,0.05,LOW
584,892c2ab9b83ffff,0,0,0,3.24074,0.05,LOW
585,892c2aaa347ffff,0,0,0,3.24074,0.05,LOW
586,892c2aab527ffff,0,0,0,3.24074,0.05,LOW
587,892c2aa82c3ffff,0,0,0,3.24074,0.05,LOW
588,892c2a1611bffff,0,0,0,3.24074,0.05,LOW
589,892c2a33573ffff,0,0,0,3.24074,0.05,LOW
590,892c2aa8447ffff,0,0,0,3.24074,0.05,LOW
591,892c2aaa153ffff,0,0,0,3.24074,0.05,LOW
592,892c2aab197ffff,0,0,0,3.24074,0.05,LOW
593,892c2aaae8fffff,0,0,0,3.24074,0.05,LOW
594,892c2aa9e97ffff,0,0,0,3.24074,0.05,LOW
595,892c2aa868fffff,0,0,0,3.24074,0.05,LOW
596,892c2aaaec7ffff,0,0,0,3.24074,0.05,LOW
597,892c2a06b63ffff,0,0,0,3.24074,0.05,LOW
598,892c2aa90c3ffff,0,0,0,3.24074,0.05,LOW
599,892c2aaa177ffff,0,0,0,3.24074,0.05,LOW
600,892c2aa86c3ffff,0,0,0,3.24074,0.05,LOW
601,892c2aab277ffff,0,0,0,3.24074,0.05,LOW
602,892c2aa93afffff,0,0,0,3.24074,0.05,LOW
603,892c2aa9e0fffff,0,0,0,3.24074,0.05,LOW
604,892c2aa98b7ffff,0,0,0,3.24074,0.05,LOW
605,892c2aaa06fffff,0,0,0,3.24074,0.05,LOW
606,892c2aa8093ffff,0,0,0,3.24074,0.05,LOW
607,892c2aab40bffff,0,0,0,3.24074,0.05,LOW
608,892c2aa980bffff,0,0,0,3.24074,0.05,LOW
609,892c2aa8627ffff,0,0,0,3.24074,0.05,LOW
610,892c2aa938fffff,0,0,0,3.24074,0.05,LOW
611,892c2aaa80bffff,0,0,0,3.24074,0.05,LOW
612,892c2aa829bffff,0,0,0,3.24074,0.05,LOW
613,892c2aa80dbffff,0,0,0,3.24074,0.05,LOW
614,892c2aa932bffff,0,0,0,3.24074,0.05,LOW
615,892c2aa9a63ffff,0,0,0,3.24074,0.05,LOW
616,892c2aa956fffff,0,0,0,3.24074,0.05,LOW
617,892c2aaa557ffff,0,0,0,3.24074,0.05,LOW
618,892c2aaa8cbffff,0,0,0,3.24074,0.05,LOW
619,892c2aaa3bbffff,0,0,0,3.24074,0.05,LOW
620,892c2aa8a23ffff,0,0,0,3.24074,0.05,LOW
621,892c2aa848fffff,0,0,0,3.24074,0.05,LOW
622,892c2aa80d7ffff,0,0,0,3.24074,0.05,LOW
623,892c2aa8497ffff,1,0,0,3.19121,0.06,LOW
624,892c2aab42fffff,1,0,0,3.19121,0.06,LOW
625,892c2aa320fffff,1,0,0,3.19121,0.06,LOW
626,892c2a169cfffff,1,0,0,3.19121,0.06,LOW
627,892c2aa95a7ffff,1,0,0,3.19121,0.06,LOW
628,892c2aa9383ffff,3,0,0,3.09216,0.08,LOW
629,892c2aa9ecfffff,0,0,0,2.59259,0.04,LOW
630,892c2aa82c7ffff,0,0,0,2.59259,0.04,LOW
631,892c2aa1303ffff,0,0,0,2.59259,0.04,LOW
632,892c2a16833ffff,0,0,0,2.59259,0.04,LOW
633,892c2a30427ffff,0,0,0,2.59259,0.04,LOW
634,892c2aa9873ffff,0,0,0,2.59259,0.04,LOW
635,892c2aaaeabffff,0,0,0,2.59259,0.04,LOW
636,892c2aa9a0fffff,0,0,0,2.59259,0.04,LOW
637,892c2aa801bffff,0,0,0,2.59259,0.04,LOW
638,892c2a16827ffff,0,0,0,2.59259,0.04,LOW
639,892c2aaac2fffff,0,0,0,2.59259,0.04,LOW
640,892c2a33443ffff,0,0,0,2.59259,0.04,LOW
641,892c2aa127bffff,0,0,0,2.59259,0.04,LOW
642,892c2a0698fffff,0,0,0,2.59259,0.04,LOW
643,892c2aaa237ffff,0,0,0,2.59259,0.04,LOW
644,892c2aa9337ffff,0,0,0,2.59259,0.04,LOW
645,892c2a306bbffff,0,0,0,2.59259,0.04,LOW
646,892c2a16917ffff,0,0,0,2.59259,0.04,LOW
647,892c2aaac73ffff,0,0,0,2.59259,0.04,LOW
648,892c2aa1307ffff,0,0,0,2.59259,0.04,LOW
649,892c2aa90abffff,0,0,0,2.59259,0.04,LOW
650,892c2a32067ffff,0,0,0,2.59259,0.04,LOW
651,892c2a3008fffff,0,0,0,2.59259,0.04,LOW
652,892c2aaad27ffff,0,0,0,2.59259,0.04,LOW
653,892c2aaa23bffff,0,0,0,2.59259,0.04,LOW
654,892c2aa101bffff,0,0,0,2.59259,0.04,LOW
655,892c2aa138fffff,0,0,0,2.59259,0.04,LOW
656,892c2aa82dbffff,0,0,0,2.59259,0.04,LOW
657,892c2aa9067ffff,0,0,0,2.59259,0.04,LOW
658,892c2a16a63ffff,0,0,0,2.59259,0.04,LOW
659,892c2aa8297ffff,0,0,0,2.59259,0.04,LOW
660,892c2ab9a23ffff,0,0,0,2.59259,0.04,LOW
661,892c2aa9b2fffff,0,0,0,2.59259,0.04,LOW
662,892c2a3356fffff,0,0,0,2.59259,0.04,LOW
663,892c2aa9a73ffff,0,0,0,2.59259,0.04,LOW
664,892c2aa828bffff,0,0,0,2.59259,0.04,LOW
665,892c2aa135bffff,0,0,0,2.59259,0.04,LOW
666,892c2aa8637ffff,0,0,0,2.59259,0.04,LOW
667,892c2aa8a27ffff,0,0,0,2.59259,0.04,LOW
668,892c2a3069bffff,0,0,0,2.59259,0.04,LOW
669,892c2aaa227ffff,0,0,0,2.59259,0.04,LOW
670,892c2aa80c7ffff,0,0,0,2.59259,0.04,LOW
671,892c2a33547ffff,0,0,0,2.59259,0.04,LOW
672,892c2a335cfffff,0,0,0,2.59259,0.04,LOW
673,892c2a3359bffff,0,0,0,2.59259,0.04,LOW
674,892c2aa1493ffff,0,0,0,2.59259,0.04,LOW
675,892c2aaad0bffff,0,0,0,2.59259,0.04,LOW
676,892c2aa9917ffff,0,0,0,2.59259,0.04,LOW
677,892c2aa8487ffff,0,0,0,2.59259,0.04,LOW
678,892c2aa809bffff,0,0,0,2.59259,0.04,LOW
679,892c2a168abffff,0,0,0,2.59259,0.04,LOW
680,892c2aa9007ffff,0,0,0,2.59259,0.04,LOW
681,892c2aa9a43ffff,0,0,0,2.59259,0.04,LOW
682,892c2aa80cfffff,0,0,0,2.59259,0.04,LOW
683,892c2aa9e73ffff,0,0,0,2.59259,0.04,LOW
684,892c2aa9abbffff,0,0,0,2.59259,0.04,LOW
685,892c2a06dafffff,0,0,0,2.59259,0.04,LOW
686,892c2aa9303ffff,0,0,0,2.59259,0.04,LOW
687,892c2aa9e77ffff,0,0,0,2.59259,0.04,LOW
688,892c2a336b7ffff,0,0,0,2.59259,0.04,LOW
689,892c2aa8623ffff,0,0,0,2.59259,0.04,LOW
690,892c2aa1033ffff,0,0,0,2.59259,0.04,LOW
691,892c2aaa13bffff,0,0,0,2.59259,0.04,LOW
692,892c2a14837ffff,0,0,0,2.59259,0.04,LOW
693,892c2a04cb7ffff,0,0,0,2.59259,0.04,LOW
694,892c2aab533ffff,0,0,0,2.59259,0.04,LOW
695,892c2aaad37ffff,0,0,0,2.59259,0.04,LOW
696,892c2a0695bffff,0,0,0,2.59259,0.04,LOW
697,892c2aa80bbffff,0,0,0,2.59259,0.04,LOW
698,892c2aaae43ffff,0,0,0,2.59259,0.04,LOW
699,892c2a04cbbffff,0,0,0,2.59259,0.04,LOW
700,892c2aaa00bffff,0,0,0,2.59259,0.04,LOW
701,892c2aa98dbffff,0,0,0,2.59259,0.04,LOW
702,892c2aa9853ffff,0,0,0,2.59259,0.04,LOW
703,892c2aaa903ffff,0,0,0,2.59259,0.04,LOW
704,892c2aa9a3bffff,0,0,0,2.59259,0.04,LOW
705,892c2a3224bffff,0,0,0,2.59259,0.04,LOW
706,892c2aaa07bffff,0,0,0,2.59259,0.04,LOW
707,892c2a0682fffff,0,0,0,2.59259,0.04,LOW
708,892c2aaa253ffff,0,0,0,2.59259,0.04,LOW
709,892c2aa9e13ffff,0,0,0,2.59259,0.04,LOW
710,892c2a16877ffff,0,0,0,2.59259,0.04,LOW
711,892c2a16103ffff,0,0,0,2.59259,0.04,LOW
712,892c2aa80c3ffff,0,0,0,2.59259,0.04,LOW
713,892c2ab9a67ffff,0,0,0,2.59259,0.04,LOW
714,892c2aa910fffff,0,0,0,2.59259,0.04,LOW
715,892c2aaa84bffff,0,0,0,2.59259,0.04,LOW
716,892c2a1498fffff,0,0,0,2.59259,0.04,LOW
717,892c2aa908fffff,0,0,0,2.59259,0.04,LOW
718,892c2a16a2bffff,0,0,0,2.59259,0.04,LOW
719,892c2aa8673ffff,0,0,0,2.59259,0.04,LOW
720,892c2aa100fffff,0,0,0,2.59259,0.04,LOW
721,892c2a33627ffff,0,0,0,2.59259,0.04,LOW
722,892c2aaa34bffff,0,0,0,2.59259,0.04,LOW
723,892c2aa9433ffff,0,0,0,2.59259,0.04,LOW
724,892c2aa949bffff,0,0,0,2.59259,0.04,LOW
725,892c2aaa357ffff,1,0,0,2.54307,0.05,LOW
726,892c2aaa3c7ffff,2,0,0,2.49354,0.06,LOW
727,892c2aab003ffff,2,0,0,2.49354,0.06,LOW
728,892c2a14c17ffff,0,0,0,1.94444,0.03,LOW
729,892c2ab9b93ffff,0,0,0,1.94444,0.03,LOW
730,892c2aa1377ffff,0,0,0,1.94444,0.03,LOW
731,892c2aa800bffff,0,0,0,1.94444,0.03,LOW
732,892c2aaac7bffff,0,0,0,1.94444,0.03,LOW
733,892c2a33453ffff,0,0,0,1.94444,0.03,LOW
734,892c2a06bb7ffff,0,0,0,1.94444,0.03,LOW
735,892c2a06dbbffff,0,0,0,1.94444,0.03,LOW
736,892c2aa9aabffff,0,0,0,1.94444,0.03,LOW
737,892c2aa86b3ffff,0,0,0,1.94444,0.03,LOW
738,892c2a1690bffff,0,0,0,1.94444,0.03,LOW
739,892c2aa806fffff,0,0,0,1.94444,0.03,LOW
740,892c2a0690bffff,0,0,0,1.94444,0.03,LOW
741,892c2aa8227ffff,0,0,0,1.94444,0.03,LOW
742,892c2aa91afffff,0,0,0,1.94444,0.03,LOW
743,892c2a16807ffff,0,0,0,1.94444,0.03,LOW
744,892c2a321c3ffff,0,0,0,1.94444,0.03,LOW
745,892c2aa8047ffff,0,0,0,1.94444,0.03,LOW
746,892c2a33493ffff,0,0,0,1.94444,0.03,LOW
747,892c2aa835bffff,0,0,0,1.94444,0.03,LOW
748,892c2aa8467ffff,0,0,0,1.94444,0.03,LOW
749,892c2aa83cbffff,0,0,0,1.94444,0.03,LOW
750,892c2a06b77ffff,0,0,0,1.94444,0.03,LOW
751,892c2a300b3ffff,0,0,0,1.94444,0.03,LOW
752,892c2aa1007ffff,0,0,0,1.94444,0.03,LOW
753,892c2a33557ffff,0,0,0,1.94444,0.03,LOW
754,892c2aa1397ffff,0,0,0,1.94444,0.03,LOW
755,892c2aa1383ffff,0,0,0,1.94444,0.03,LOW
756,892c2aa8a2bffff,0,0,0,1.94444,0.03,LOW
757,892c2aaac77ffff,0,0,0,1.94444,0.03,LOW
758,892c2ab9b8bffff,0,0,0,1.94444,0.03,LOW
759,892c2a06947ffff,0,0,0,1.94444,0.03,LOW
760,892c2aaac33ffff,0,0,0,1.94444,0.03,LOW
761,892c2aa9e7bffff,0,0,0,1.94444,0.03,LOW
762,892c2aaaec3ffff,0,0,0,1.94444,0.03,LOW
763,892c2a30093ffff,0,0,0,1.94444,0.03,LOW
764,892c2a32653ffff,0,0,0,1.94444,0.03,LOW
765,892c2aa802bffff,0,0,0,1.94444,0.03,LOW
766,892c2a30087ffff,0,0,0,1.94444,0.03,LOW
767,892c2aa988bffff,0,0,0,1.94444,0.03,LOW
768,892c2aa8003ffff,0,0,0,1.94444,0.03,LOW
769,892c2aa9aafffff,0,0,0,1.94444,0.03,LOW
770,892c2a331dbffff,0,0,0,1.94444,0.03,LOW
771,892c2aa9ac3ffff,0,0,0,1.94444,0.03,LOW
772,892c2aa9aa3ffff,0,0,0,1.94444,0.03,LOW
773,892c2aaa8dbffff,0,0,0,1.94444,0.03,LOW
774,892c2aa9e03ffff,0,0,0,1.94444,0.03,LOW
775,892c2aa9bcbffff,0,0,0,1.94444,0.03,LOW
776,892c2a3265bffff,0,0,0,1.94444,0.03,LOW
777,892c2aab373ffff,0,0,0,1.94444,0.03,LOW
778,892c2aa8593ffff,0,0,0,1.94444,0.03,LOW
779,892c2aaa06bffff,0,0,0,1.94444,0.03,LOW
780,892c2aaa1cfffff,0,0,0,1.94444,0.03,LOW
781,892c2ab9b07ffff,0,0,0,1.94444,0.03,LOW
782,892c2aab22fffff,0,0,0,1.94444,0.03,LOW
783,892c2aa856bffff,0,0,0,1.94444,0.03,LOW
784,892c2aa9b77ffff,0,0,0,1.94444,0.03,LOW
785,892c2aa9e2bffff,0,0,0,1.94444,0.03,LOW
786,892c2aab083ffff,0,0,0,1.94444,0.03,LOW
787,892c2a3344fffff,0,0,0,1.94444,0.03,LOW
788,892c2a300c7ffff,0,0,0,1.94444,0.03,LOW
789,892c2a33027ffff,0,0,0,1.94444,0.03,LOW
790,892c2a14c8fffff,0,0,0,1.94444,0.03,LOW
791,892c2ab983bffff,0,0,0,1.94444,0.03,LOW
792,892c2aa99cbffff,0,0,0,1.94444,0.03,LOW
793,892c2aaa383ffff,0,0,0,1.94444,0.03,LOW
794,892c2aab16fffff,0,0,0,1.94444,0.03,LOW
795,892c2a16903ffff,0,0,0,1.94444,0.03,LOW
796,892c2aaa10fffff,0,0,0,1.94444,0.03,LOW
797,892c2aaa2a7ffff,0,0,0,1.94444,0.03,LOW
798,892c2aa106fffff,0,0,0,1.94444,0.03,LOW
799,892c2aa124fffff,0,0,0,1.94444,0.03,LOW
800,892c2aa8293ffff,0,0,0,1.94444,0.03,LOW
801,892c2aa8417ffff,0,0,0,1.94444,0.03,LOW
802,892c2ab9ba3ffff,0,0,0,1.94444,0.03,LOW
803,892c2ab9b03ffff,0,0,0,1.94444,0.03,LOW
804,892c2a334cbffff,0,0,0,1.94444,0.03,LOW
805,892c2ab9a0fffff,0,0,0,1.94444,0.03,LOW
806,892c2ab9b0bffff,0,0,0,1.94444,0.03,LOW
807,892c2aa9527ffff,0,0,0,1.94444,0.03,LOW
808,892c2aaac63ffff,0,0,0,1.94444,0.03,LOW
809,892c2aa85bbffff,0,0,0,1.94444,0.03,LOW
810,892c2aa9a8fffff,0,0,0,1.94444,0.03,LOW
811,892c2aa1353ffff,0,0,0,1.94444,0.03,LOW
812,892c2aa9137ffff,0,0,0,1.94444,0.03,LOW
813,892c2aa8027ffff,0,0,0,1.94444,0.03,LOW
814,892c2aa1273ffff,0,0,0,1.94444,0.03,LOW
815,892c2aa120fffff,0,0,0,1.94444,0.03,LOW
816,892c2aaa333ffff,0,0,0,1.94444,0.03,LOW
817,892c2aaa50fffff,0,0,0,1.94444,0.03,LOW
818,892c2aaae57ffff,0,0,0,1.94444,0.03,LOW
819,892c2aa9153ffff,0,0,0,1.94444,0.03,LOW
820,892c2aab20fffff,1,0,0,1.89492,0.04,LOW
821,892c2aaa317ffff,1,0,0,1.89492,0.04,LOW
822,892c2aaaebbffff,1,0,0,1.89492,0.04,LOW
823,892c2aaa35bffff,1,0,0,1.89492,0.04,LOW
824,892c2aa869bffff,1,0,0,1.89492,0.04,LOW
825,892c2aaa18fffff,1,0,0,1.89492,0.04,LOW
826,892c2aaa8cfffff,2,0,0,1.84539,0.05,LOW
827,892c2a304cbffff,3,0,0,1.79587,0.06,LOW
828,892c2aab013ffff,3,0,0,1.79587,0.06,LOW
829,892c2a169bbffff,0,0,0,1.2963,0.02,LOW
830,892c2aaa1a7ffff,0,0,0,1.2963,0.02,LOW
831,892c2aaa533ffff,0,0,0,1.2963,0.02,LOW
832,892c2aa1057ffff,0,0,0,1.2963,0.02,LOW
833,892c2a14827ffff,0,0,0,1.2963,0.02,LOW
834,892c2a06943ffff,0,0,0,1.2963,0.02,LOW
835,892c2a1488fffff,0,0,0,1.2963,0.02,LOW
836,892c2ab8ebbffff,0,0,0,1.2963,0.02,LOW
837,892c2a06b3bffff,0,0,0,1.2963,0.02,LOW
838,892c2a1682fffff,0,0,0,1.2963,0.02,LOW
839,892c2aaa113ffff,0,0,0,1.2963,0.02,LOW
840,892c2a06b97ffff,0,0,0,1.2963,0.02,LOW
841,892c2a14c0fffff,0,0,0,1.2963,0.02,LOW
842,892c2aa9493ffff,0,0,0,1.2963,0.02,LOW
843,892c2aa9a0bffff,0,0,0,1.2963,0.02,LOW
844,892c2aa8513ffff,0,0,0,1.2963,0.02,LOW
845,892c2aaae27ffff,0,0,0,1.2963,0.02,LOW
846,892c2aaa59bffff,0,0,0,1.2963,0.02,LOW
847,892c2aa82d7ffff,0,0,0,1.2963,0.02,LOW
848,892c2ab9bb3ffff,0,0,0,1.2963,0.02,LOW
849,892c2a1682bffff,0,0,0,1.2963,0.02,LOW
850,892c2aa991bffff,0,0,0,1.2963,0.02,LOW
851,892c2aaaca7ffff,0,0,0,1.2963,0.02,LOW
852,892c2aa9397ffff,0,0,0,1.2963,0.02,LOW
853,892c2aa9807ffff,0,0,0,1.2963,0.02,LOW
854,892c2aaa5d7ffff,0,0,0,1.2963,0.02,LOW
855,892c2aa98abffff,0,0,0,1.2963,0.02,LOW
856,892c2a169c3ffff,0,0,0,1.2963,0.02,LOW
857,892c2aa9823ffff,0,0,0,1.2963,0.02,LOW
858,892c2aa828fffff,0,0,0,1.2963,0.02,LOW
859,892c2aa9b6fffff,0,0,0,1.2963,0.02,LOW
860,892c2a148afffff,0,0,0,1.2963,0.02,LOW
861,892c2aa8277ffff,0,0,0,1.2963,0.02,LOW
862,892c2aa9207ffff,0,0,0,1.2963,0.02,LOW
863,892c2a0691bffff,0,0,0,1.2963,0.02,LOW
864,892c2aab4dbffff,0,0,0,1.2963,0.02,LOW
865,892c2aaa4c7ffff,0,0,0,1.2963,0.02,LOW
866,892c2aaa46fffff,0,0,0,1.2963,0.02,LOW
867,892c2aa9497ffff,0,0,0,1.2963,0.02,LOW
868,892c2aa8033ffff,0,0,0,1.2963,0.02,LOW
869,892c2aa322bffff,0,0,0,1.2963,0.02,LOW
870,892c2a30467ffff,0,0,0,1.2963,0.02,LOW
871,892c2aaa3b7ffff,0,0,0,1.2963,0.02,LOW
872,892c2aa9b5bffff,0,0,0,1.2963,0.02,LOW
873,892c2a06d37ffff,0,0,0,1.2963,0.02,LOW
874,892c2aa912bffff,0,0,0,1.2963,0.02,LOW
875,892c2aa82bbffff,0,0,0,1.2963,0.02,LOW
876,892c2a33117ffff,0,0,0,1.2963,0.02,LOW
877,892c2aa13afffff,0,0,0,1.2963,0.02,LOW
878,892c2a149b3ffff,0,0,0,1.2963,0.02,LOW
879,892c2aab27bffff,0,0,0,1.2963,0.02,LOW
880,892c2a16a6bffff,0,0,0,1.2963,0.02,LOW
881,892c2aa8313ffff,0,0,0,1.2963,0.02,LOW
882,892c2aab32fffff,0,0,0,1.2963,0.02,LOW
883,892c2aaadbbffff,0,0,0,1.2963,0.02,LOW
884,892c2a33583ffff,0,0,0,1.2963,0.02,LOW
885,892c2a3352bffff,0,0,0,1.2963,0.02,LOW
886,892c2a06b03ffff,0,0,0,1.2963,0.02,LOW
887,892c2a334a7ffff,0,0,0,1.2963,0.02,LOW
888,892c2a33567ffff,0,0,0,1.2963,0.02,LOW
889,892c2aa848bffff,0,0,0,1.2963,0.02,LOW
890,892c2aaaac7ffff,0,0,0,1.2963,0.02,LOW
891,892c2a163afffff,0,0,0,1.2963,0.02,LOW
892,892c2a30443ffff,0,0,0,1.2963,0.02,LOW
893,892c2a3046bffff,0,0,0,1.2963,0.02,LOW
894,892c2a3236bffff,0,0,0,1.2963,0.02,LOW
895,892c2aaa0c7ffff,0,0,0,1.2963,0.02,LOW
896,892c2aaa907ffff,0,0,0,1.2963,0.02,LOW
897,892c2ab9b97ffff,0,0,0,1.2963,0.02,LOW
898,892c2a0699bffff,0,0,0,1.2963,0.02,LOW
899,892c2aa86a7ffff,0,0,0,1.2963,0.02,LOW
900,892c2aa1a53ffff,0,0,0,1.2963,0.02,LOW
901,892c2a06d13ffff,0,0,0,1.2963,0.02,LOW
902,892c2a331c3ffff,0,0,0,1.2963,0.02,LOW
903,892c2aa1067ffff,0,0,0,1.2963,0.02,LOW
904,892c2a33623ffff,0,0,0,1.2963,0.02,LOW
905,892c2aa824bffff,0,0,0,1.2963,0.02,LOW
906,892c2aab23bffff,0,0,0,1.2963,0.02,LOW
907,892c2aa1233ffff,0,0,0,1.2963,0.02,LOW
908,892c2a16a33ffff,0,0,0,1.2963,0.02,LOW
909,892c2a16a2fffff,0,0,0,1.2963,0.02,LOW
910,892c2aaa013ffff,0,0,0,1.2963,0.02,LOW
911,892c2a33577ffff,0,0,0,1.2963,0.02,LOW
912,892c2a305cbffff,0,0,0,1.2963,0.02,LOW
913,892c2aa8237ffff,0,0,0,1.2963,0.02,LOW
914,892c2a069c7ffff,0,0,0,1.2963,0.02,LOW
915,892c2a33637ffff,0,0,0,1.2963,0.02,LOW
916,892c2a336a3ffff,0,0,0,1.2963,0.02,LOW
917,892c2aab273ffff,0,0,0,1.2963,0.02,LOW
918,892c2aaa203ffff,0,0,0,1.2963,0.02,LOW
919,892c2aa99a3ffff,0,0,0,1.2963,0.02,LOW
920,892c2aa81dbffff,0,0,0,1.2963,0.02,LOW
921,892c2aa9a6fffff,0,0,0,1.2963,0.02,LOW
922,892c2aa8223ffff,0,0,0,1.2963,0.02,LOW
923,892c2aa8017ffff,0,0,0,1.2963,0.02,LOW
924,892c2aab0d3ffff,0,0,0,1.2963,0.02,LOW
925,892c2aab6a7ffff,0,0,0,1.2963,0.02,LOW
926,892c2a33187ffff,0,0,0,1.2963,0.02,LOW
927,892c2aa122fffff,0,0,0,1.2963,0.02,LOW
928,892c2a16333ffff,0,0,0,1.2963,0.02,LOW
929,892c2aaaad3ffff,0,0,0,1.2963,0.02,LOW
930,892c2aab46bffff,0,0,0,1.2963,0.02,LOW
931,892c2aa9a1bffff,0,0,0,1.2963,0.02,LOW
932,892c2aa9ac7ffff,0,0,0,1.2963,0.02,LOW
933,892c2aaa2b3ffff,0,0,0,1.2963,0.02,LOW
934,892c2aa9307ffff,0,0,0,1.2963,0.02,LOW
935,892c2aa9e6fffff,0,0,0,1.2963,0.02,LOW
936,892c2aa9a27ffff,0,0,0,1.2963,0.02,LOW
937,892c2aa9b4fffff,0,0,0,1.2963,0.02,LOW
938,892c2a334b7ffff,0,0,0,1.2963,0.02,LOW
939,892c2aa9b7bffff,0,0,0,1.2963,0.02,LOW
940,892c2a14c3bffff,0,0,0,1.2963,0.02,LOW
941,892c2a14c8bffff,0,0,0,1.2963,0.02,LOW
942,892c2aa948bffff,0,0,0,1.2963,0.02,LOW
943,892c2aaad7bffff,0,0,0,1.2963,0.02,LOW
944,892c2aa9a47ffff,0,0,0,1.2963,0.02,LOW
945,892c2aa8a6bffff,0,0,0,1.2963,0.02,LOW
946,892c2a30543ffff,0,0,0,1.2963,0.02,LOW
947,892c2aa919bffff,0,0,0,1.2963,0.02,LOW
948,892c2aab24bffff,0,0,0,1.2963,0.02,LOW
949,892c2a30683ffff,0,0,0,1.2963,0.02,LOW
950,892c2a14c77ffff,0,0,0,1.2963,0.02,LOW
951,892c2aaa887ffff,0,0,0,1.2963,0.02,LOW
952,892c2a33107ffff,0,0,0,1.2963,0.02,LOW
953,892c2aaae3bffff,0,0,0,1.2963,0.02,LOW
954,892c2a306afffff,0,0,0,1.2963,0.02,LOW
955,892c2aa85b3ffff,0,0,0,1.2963,0.02,LOW
956,892c2aa1363ffff,0,0,0,1.2963,0.02,LOW
957,892c2aa8663ffff,0,0,0,1.2963,0.02,LOW
958,892c2aab43bffff,0,0,0,1.2963,0.02,LOW
959,892c2a06da7ffff,0,0,0,1.2963,0.02,LOW
960,892c2ab982bffff,0,0,0,1.2963,0.02,LOW
961,892c2a33123ffff,0,0,0,1.2963,0.02,LOW
962,892c2aa9e93ffff,0,0,0,1.2963,0.02,LOW
963,892c2a30477ffff,0,0,0,1.2963,0.02,LOW
964,892c2a16823ffff,0,0,0,1.2963,0.02,LOW
965,892c2aaad07ffff,0,0,0,1.2963,0.02,LOW
966,892c2a30447ffff,0,0,0,1.2963,0.02,LOW
967,892c2a169cbffff,0,0,0,1.2963,0.02,LOW
968,892c2aaad03ffff,0,0,0,1.2963,0.02,LOW
969,892c2a148abffff,0,0,0,1.2963,0.02,LOW
970,892c2a16a67ffff,0,0,0,1.2963,0.02,LOW
971,892c2aaadcfffff,0,0,0,1.2963,0.02,LOW
972,892c2a141b7ffff,0,0,0,1.2963,0.02,LOW
973,892c2aa1317ffff,0,0,0,1.2963,0.02,LOW
974,892c2a3206bffff,0,0,0,1.2963,0.02,LOW
975,892c2a331b3ffff,0,0,0,1.2963,0.02,LOW
976,892c2a149c7ffff,0,0,0,1.2963,0.02,LOW
977,892c2aa99cfffff,0,0,0,1.2963,0.02,LOW
978,892c2aa1327ffff,0,0,0,1.2963,0.02,LOW
979,892c2aa8a63ffff,0,0,0,1.2963,0.02,LOW
980,892c2aa8a67ffff,0,0,0,1.2963,0.02,LOW
981,892c2aa8a77ffff,0,0,0,1.2963,0.02,LOW
982,892c2aa1acfffff,0,0,0,1.2963,0.02,LOW
983,892c2a32063ffff,0,0,0,1.2963,0.02,LOW
984,892c2a3054bffff,0,0,0,1.2963,0.02,LOW
985,892c2a3313bffff,0,0,0,1.2963,0.02,LOW
986,892c2aaac57ffff,0,0,0,1.2963,0.02,LOW
987,892c2aa8077ffff,0,0,0,1.2963,0.02,LOW
988,892c2aaa0d7ffff,0,0,0,1.2963,0.02,LOW
989,892c2aa839bffff,0,0,0,1.2963,0.02,LOW
990,892c2aa80cbffff,0,0,0,1.2963,0.02,LOW
991,892c2aa807bffff,0,0,0,1.2963,0.02,LOW
992,892c2aa8053ffff,0,0,0,1.2963,0.02,LOW
993,892c2aa857bffff,0,0,0,1.2963,0.02,LOW
994,892c2a33553ffff,0,0,0,1.2963,0.02,LOW
995,892c2aa808bffff,0,0,0,1.2963,0.02,LOW
996,892c2aaad6bffff,0,0,0,1.2963,0.02,LOW
997,892c2aa803bffff,0,0,0,1.2963,0.02,LOW
998,892c2aaa34fffff,0,0,0,1.2963,0.02,LOW
999,892c2a16a93ffff,0,0,0,1.2963,0.02,LOW
1000,892c2aa8583ffff,0,0,0,1.2963,0.02,LOW
1001,892c2a069b7ffff,0,0,0,1.2963,0.02,LOW
1002,892c2aa806bffff,0,0,0,1.2963,0.02,LOW
1003,892c2aa82a7ffff,0,0,0,1.2963,0.02,LOW
1004,892c2aa83dbffff,0,0,0,1.2963,0.02,LOW
1005,892c2aa9417ffff,0,0,0,1.2963,0.02,LOW
1006,892c2a334dbffff,0,0,0,1.2963,0.02,LOW
1007,892c2aa133bffff,0,0,0,1.2963,0.02,LOW
1008,892c2a3345bffff,0,0,0,1.2963,0.02,LOW
1009,892c2a069a7ffff,0,0,0,1.2963,0.02,LOW
1010,892c2a06927ffff,0,0,0,1.2963,0.02,LOW
1011,892c2aa1393ffff,0,0,0,1.2963,0.02,LOW
1012,892c2aaae97ffff,0,0,0,1.2963,0.02,LOW
1013,892c2aa1003ffff,0,0,0,1.2963,0.02,LOW
1014,892c2aa1443ffff,0,0,0,1.2963,0.02,LOW
1015,892c2aa1acbffff,0,0,0,1.2963,0.02,LOW
1016,892c2aaad1bffff,0,0,0,1.2963,0.02,LOW
1017,892c2aa980fffff,0,0,0,1.2963,0.02,LOW
1018,892c2aaa073ffff,0,0,0,1.2963,0.02,LOW
1019,892c2aa80abffff,0,0,0,1.2963,0.02,LOW
1020,892c2aa8013ffff,0,0,0,1.2963,0.02,LOW
1021,892c2a06913ffff,0,0,0,1.2963,0.02,LOW
1022,892c2aaadafffff,0,0,0,1.2963,0.02,LOW
1023,892c2aab267ffff,0,0,0,1.2963,0.02,LOW
1024,892c2a306a3ffff,0,0,0,1.2963,0.02,LOW
1025,892c2a32643ffff,0,0,0,1.2963,0.02,LOW
1026,892c2aaabdbffff,0,0,0,1.2963,0.02,LOW
1027,892c2aaa01bffff,0,0,0,1.2963,0.02,LOW
1028,892c2a32257ffff,0,0,0,1.2963,0.02,LOW
1029,892c2aaa8b7ffff,0,0,0,1.2963,0.02,LOW
1030,892c2aa83c7ffff,0,0,0,1.2963,0.02,LOW
1031,892c2a16a3bffff,0,0,0,1.2963,0.02,LOW
1032,892c2a3202bffff,0,0,0,1.2963,0.02,LOW
1033,892c2a3202fffff,0,0,0,1.2963,0.02,LOW
1034,892c2a06da3ffff,0,0,0,1.2963,0.02,LOW
1035,892c2aab1a7ffff,0,0,0,1.2963,0.02,LOW
1036,892c2aab073ffff,0,0,0,1.2963,0.02,LOW
1037,892c2aa90d3ffff,0,0,0,1.2963,0.02,LOW
1038,892c2aaaa37ffff,0,0,0,1.2963,0.02,LOW
1039,892c2aab593ffff,0,0,0,1.2963,0.02,LOW
1040,892c2aaa117ffff,0,0,0,1.2963,0.02,LOW
1041,892c2aa90cfffff,0,0,0,1.2963,0.02,LOW
1042,892c2a14c9bffff,0,0,0,1.2963,0.02,LOW
1043,892c2aaad23ffff,0,0,0,1.2963,0.02,LOW
1044,892c2aaa90bffff,0,0,0,1.2963,0.02,LOW
1045,892c2a322a7ffff,0,0,0,1.2963,0.02,LOW
1046,892c2a14d73ffff,0,0,0,1.2963,0.02,LOW
1047,892c2aa9c3bffff,0,0,0,1.2963,0.02,LOW
1048,892c2aab413ffff,0,0,0,1.2963,0.02,LOW
1049,892c2aa8443ffff,0,0,0,1.2963,0.02,LOW
1050,892c2a32657ffff,0,0,0,1.2963,0.02,LOW
1051,892c2aaad33ffff,0,0,0,1.2963,0.02,LOW
1052,892c2aa9b47ffff,0,0,0,1.2963,0.02,LOW
1053,892c2aa99abffff,0,0,0,1.2963,0.02,LOW
1054,892c2aaa27bffff,0,0,0,1.2963,0.02,LOW
1055,892c2ab9b2bffff,0,0,0,1.2963,0.02,LOW
1056,892c2a14883ffff,0,0,0,1.2963,0.02,LOW
1057,892c2aab26fffff,0,0,0,1.2963,0.02,LOW
1058,892c2aab13bffff,0,0,0,1.2963,0.02,LOW
1059,892c2a322a3ffff,0,0,0,1.2963,0.02,LOW
1060,892c2aab5afffff,0,0,0,1.2963,0.02,LOW
1061,892c2aa901bffff,0,0,0,1.2963,0.02,LOW
1062,892c2a14817ffff,0,0,0,1.2963,0.02,LOW
1063,892c2aaa2c3ffff,0,0,0,1.2963,0.02,LOW
1064,892c2aa9e07ffff,0,0,0,1.2963,0.02,LOW
1065,892c2aaa877ffff,0,0,0,1.2963,0.02,LOW
1066,892c2aab47bffff,0,0,0,1.2963,0.02,LOW
1067,892c2aaa93bffff,0,0,0,1.2963,0.02,LOW
1068,892c2a32203ffff,0,0,0,1.2963,0.02,LOW
1069,892c2a1489bffff,0,0,0,1.2963,0.02,LOW
1070,892c2aaa85bffff,0,0,0,1.2963,0.02,LOW
1071,892c2aa823bffff,0,0,0,1.2963,0.02,LOW
1072,892c2aaa873ffff,0,0,0,1.2963,0.02,LOW
1073,892c2aaa157ffff,0,0,0,1.2963,0.02,LOW
1074,892c2a06b33ffff,0,0,0,1.2963,0.02,LOW
1075,892c2aa8397ffff,0,0,0,1.2963,0.02,LOW
1076,892c2a06b8fffff,0,0,0,1.2963,0.02,LOW
1077,892c2ab8d33ffff,0,0,0,1.2963,0.02,LOW
1078,892c2aab53bffff,0,0,0,1.2963,0.02,LOW
1079,892c2aa9e4bffff,0,0,0,1.2963,0.02,LOW
1080,892c2aab3cfffff,0,0,0,1.2963,0.02,LOW
1081,892c2a0693bffff,0,0,0,1.2963,0.02,LOW
1082,892c2aa9877ffff,0,0,0,1.2963,0.02,LOW
1083,892c2aa915bffff,0,0,0,1.2963,0.02,LOW
1084,892c2aaae73ffff,0,0,0,1.2963,0.02,LOW
1085,892c2aa9e0bffff,0,0,0,1.2963,0.02,LOW
1086,892c2aaae5bffff,1,0,0,1.24677,0.03,LOW
1087,892c2a30453ffff,1,0,0,1.24677,0.03,LOW
1088,892c2aaa02fffff,1,0,0,1.24677,0.03,LOW
1089,892c2aab5abffff,1,0,0,1.24677,0.03,LOW
1090,892c2aab263ffff,1,0,0,1.24677,0.03,LOW
1091,892c2aa94a3ffff,1,0,0,1.24677,0.03,LOW
1092,892c2aaac6bffff,1,0,0,1.24677,0.03,LOW
1093,892c2aa9e67ffff,1,0,0,1.24677,0.03,LOW
1094,892c2aa84d3ffff,1,0,0,1.24677,0.03,LOW
1095,892c2aaa26fffff,2,0,0,1.19724,0.04,LOW
1096,892c2a33167ffff,2,0,0,1.19724,0.04,LOW
1097,892c2aab337ffff,2,0,0,1.19724,0.04,LOW
1098,892c2aa9547ffff,3,0,0,1.14772,0.05,LOW
1099,892c2a335c7ffff,0,0,0,0.648148,0.01,LOW
1100,892c2aa9317ffff,0,0,0,0.648148,0.01,LOW
1101,892c2aa846fffff,0,0,0,0.648148,0.01,LOW
1102,892c2a331a7ffff,0,0,0,0.648148,0.01,LOW
1103,892c2a14907ffff,0,0,0,0.648148,0.01,LOW
1104,892c2a06b6bffff,0,0,0,0.648148,0.01,LOW
1105,892c2a3348fffff,0,0,0,0.648148,0.01,LOW
1106,892c2ab9b9bffff,0,0,0,0.648148,0.01,LOW
1107,892c2aaa40bffff,0,0,0,0.648148,0.01,LOW
1108,892c2aa3213ffff,0,0,0,0.648148,0.01,LOW
1109,892c2a169b7ffff,0,0,0,0.648148,0.01,LOW
1110,892c2aa952bffff,0,0,0,0.648148,0.01,LOW
1111,892c2aaa027ffff,0,0,0,0.648148,0.01,LOW
1112,892c2aa98c7ffff,0,0,0,0.648148,0.01,LOW
1113,892c2aaa897ffff,0,0,0,0.648148,0.01,LOW
1114,892c2aa9143ffff,0,0,0,0.648148,0.01,LOW
1115,892c2aa862fffff,0,0,0,0.648148,0.01,LOW
1116,892c2aa1e5bffff,0,0,0,0.648148,0.01,LOW
1117,892c2aab123ffff,0,0,0,0.648148,0.01,LOW
1118,892c2aa9ecbffff,0,0,0,0.648148,0.01,LOW
1119,892c2a335d3ffff,0,0,0,0.648148,0.01,LOW
1120,892c2a04ca3ffff,0,0,0,0.648148,0.01,LOW
1121,892c2aaa17bffff,0,0,0,0.648148,0.01,LOW
1122,892c2aaa48bffff,0,0,0,0.648148,0.01,LOW
1123,892c2a3159bffff,0,0,0,0.648148,0.01,LOW
1124,892c2aa825bffff,0,0,0,0.648148,0.01,LOW
1125,892c2a3264fffff,0,0,0,0.648148,0.01,LOW
1126,892c2a06ba7ffff,0,0,0,0.648148,0.01,LOW
1127,892c2aaa3a3ffff,0,0,0,0.648148,0.01,LOW
1128,892c2a14b93ffff,0,0,0,0.648148,0.01,LOW
1129,892c2aa9377ffff,0,0,0,0.648148,0.01,LOW
1130,892c2aa8387ffff,0,0,0,0.648148,0.01,LOW
1131,892c2aa98a3ffff,0,0,0,0.648148,0.01,LOW
1132,892c2aaab53ffff,0,0,0,0.648148,0.01,LOW
1133,892c2aa1387ffff,0,0,0,0.648148,0.01,LOW
1134,892c2aa13b3ffff,0,0,0,0.648148,0.01,LOW
1135,892c2aa13a3ffff,0,0,0,0.648148,0.01,LOW
1136,892c2aa1337ffff,0,0,0,0.648148,0.01,LOW
1137,892c2aaa543ffff,0,0,0,0.648148,0.01,LOW
1138,892c2aaad87ffff,0,0,0,0.648148,0.01,LOW
1139,892c2aa85a3ffff,0,0,0,0.648148,0.01,LOW
1140,892c2ab9b13ffff,0,0,0,0.648148,0.01,LOW
1141,892c2aa9943ffff,0,0,0,0.648148,0.01,LOW
1142,892c2aa9163ffff,0,0,0,0.648148,0.01,LOW
1143,892c2a16a47ffff,0,0,0,0.648148,0.01,LOW
1144,892c2aab6b7ffff,0,0,0,0.648148,0.01,LOW
1145,892c2ab91a7ffff,0,0,0,0.648148,0.01,LOW
1146,892c2aaa863ffff,0,0,0,0.648148,0.01,LOW
1147,892c2a305d3ffff,0,0,0,0.648148,0.01,LOW
1148,892c2a3009bffff,0,0,0,0.648148,0.01,LOW
1149,892c2aaa537ffff,0,0,0,0.648148,0.01,LOW
1150,892c2aa9313ffff,0,0,0,0.648148,0.01,LOW
1151,892c2a336d7ffff,0,0,0,0.648148,0.01,LOW
1152,892c2aaa5c3ffff,0,0,0,0.648148,0.01,LOW
1153,892c2aa10cfffff,0,0,0,0.648148,0.01,LOW
1154,892c2a33503ffff,0,0,0,0.648148,0.01,LOW
1155,892c2aa995bffff,0,0,0,0.648148,0.01,LOW
1156,892c2a1632fffff,0,0,0,0.648148,0.01,LOW
1157,892c2aab30bffff,0,0,0,0.648148,0.01,LOW
1158,892c2a04d9bffff,0,0,0,0.648148,0.01,LOW
1159,892c2a3068bffff,0,0,0,0.648148,0.01,LOW
1160,892c2a33563ffff,0,0,0,0.648148,0.01,LOW
1161,892c2aa126fffff,0,0,0,0.648148,0.01,LOW
1162,892c2a04cb3ffff,0,0,0,0.648148,0.01,LOW
1163,892c2aaa2dbffff,0,0,0,0.648148,0.01,LOW
1164,892c2a1695bffff,0,0,0,0.648148,0.01,LOW
1165,892c2a332c3ffff,0,0,0,0.648148,0.01,LOW
1166,892c2aa1243ffff,0,0,0,0.648148,0.01,LOW
1167,892c2a16c73ffff,0,0,0,0.648148,0.01,LOW
1168,892c2aa90bbffff,0,0,0,0.648148,0.01,LOW
1169,892c2a306a7ffff,0,0,0,0.648148,0.01,LOW
1170,892c2a14c23ffff,0,0,0,0.648148,0.01,LOW
1171,892c2aa8067ffff,0,0,0,0.648148,0.01,LOW
1172,892c2a315d7ffff,0,0,0,0.648148,0.01,LOW
1173,892c2a14c87ffff,0,0,0,0.648148,0.01,LOW
1174,892c2aa8483ffff,0,0,0,0.648148,0.01,LOW
1175,892c2a33447ffff,0,0,0,0.648148,0.01,LOW
1176,892c2aab58fffff,0,0,0,0.648148,0.01,LOW
1177,892c2a16b63ffff,0,0,0,0.648148,0.01,LOW
1178,892c2ab9b87ffff,0,0,0,0.648148,0.01,LOW
1179,892c2aaa36fffff,0,0,0,0.648148,0.01,LOW
1180,892c2a33523ffff,0,0,0,0.648148,0.01,LOW
1181,892c2a1482bffff,0,0,0,0.648148,0.01,LOW
1182,892c2aaaed3ffff,0,0,0,0.648148,0.01,LOW
1183,892c2a33193ffff,0,0,0,0.648148,0.01,LOW
1184,892c2aa8427ffff,0,0,0,0.648148,0.01,LOW
1185,892c2aa8ca3ffff,0,0,0,0.648148,0.01,LOW
1186,892c2a06b6fffff,0,0,0,0.648148,0.01,LOW
1187,892c2aaa457ffff,0,0,0,0.648148,0.01,LOW
1188,892c2aaa4d7ffff,0,0,0,0.648148,0.01,LOW
1189,892c2aa9c0fffff,0,0,0,0.648148,0.01,LOW
1190,892c2aaad8bffff,0,0,0,0.648148,0.01,LOW
1191,892c2aab507ffff,0,0,0,0.648148,0.01,LOW
1192,892c2a06983ffff,0,0,0,0.648148,0.01,LOW
1193,892c2a14c83ffff,0,0,0,0.648148,0.01,LOW
1194,892c2a14c33ffff,0,0,0,0.648148,0.01,LOW
1195,892c2ab91afffff,0,0,0,0.648148,0.01,LOW
1196,892c2aaa413ffff,0,0,0,0.648148,0.01,LOW
1197,892c2aaa107ffff,0,0,0,0.648148,0.01,LOW
1198,892c2aa930fffff,0,0,0,0.648148,0.01,LOW
1199,892c2aa9b4bffff,0,0,0,0.648148,0.01,LOW
1200,892c2a3316fffff,0,0,0,0.648148,0.01,LOW
1201,892c2aaa2b7ffff,0,0,0,0.648148,0.01,LOW
1202,892c2a168afffff,0,0,0,0.648148,0.01,LOW
1203,892c2a16e9bffff,0,0,0,0.648148,0.01,LOW
1204,892c2a331afffff,0,0,0,0.648148,0.01,LOW
1205,892c2ab9847ffff,0,0,0,0.648148,0.01,LOW
1206,892c2a334afffff,0,0,0,0.648148,0.01,LOW
1207,892c2aaa103ffff,0,0,0,0.648148,0.01,LOW
1208,892c2aa858fffff,0,0,0,0.648148,0.01,LOW
1209,892c2a06c1bffff,0,0,0,0.648148,0.01,LOW
1210,892c2a3057bffff,0,0,0,0.648148,0.01,LOW
1211,892c2aaae1bffff,0,0,0,0.648148,0.01,LOW
1212,892c2aaa363ffff,0,0,0,0.648148,0.01,LOW
1213,892c2aa9e47ffff,0,0,0,0.648148,0.01,LOW
1214,892c2aa84c7ffff,0,0,0,0.648148,0.01,LOW
1215,892c2a06917ffff,0,0,0,0.648148,0.01,LOW
1216,892c2a06903ffff,0,0,0,0.648148,0.01,LOW
1217,892c2a06977ffff,0,0,0,0.648148,0.01,LOW
1218,892c2aa86afffff,0,0,0,0.648148,0.01,LOW
1219,892c2aaa82fffff,0,0,0,0.648148,0.01,LOW
1220,892c2aaa26bffff,0,0,0,0.648148,0.01,LOW
1221,892c2a06907ffff,0,0,0,0.648148,0.01,LOW
1222,892c2aa85cbffff,0,0,0,0.648148,0.01,LOW
1223,892c2aaaa3bffff,0,0,0,0.648148,0.01,LOW
1224,892c2a14807ffff,0,0,0,0.648148,0.01,LOW
1225,892c2aa324bffff,0,0,0,0.648148,0.01,LOW
1226,892c2aa81b7ffff,0,0,0,0.648148,0.01,LOW
1227,892c2aaadd3ffff,0,0,0,0.648148,0.01,LOW
1228,892c2aa842bffff,0,0,0,0.648148,0.01,LOW
1229,892c2aa9b57ffff,0,0,0,0.648148,0.01,LOW
1230,892c2a161a3ffff,0,0,0,0.648148,0.01,LOW
1231,892c2aa8cbbffff,0,0,0,0.648148,0.01,LOW
1232,892c2aa8587ffff,0,0,0,0.648148,0.01,LOW
1233,892c2aa323bffff,0,0,0,0.648148,0.01,LOW
1234,892c2aab5bbffff,0,0,0,0.648148,0.01,LOW
1235,892c2aaa3a7ffff,0,0,0,0.648148,0.01,LOW
1236,892c2aaa933ffff,0,0,0,0.648148,0.01,LOW
1237,892c2aa3203ffff,0,0,0,0.648148,0.01,LOW
1238,892c2aa10c3ffff,0,0,0,0.648148,0.01,LOW
1239,892c2aaa043ffff,0,0,0,0.648148,0.01,LOW
1240,892c2aa8bc3ffff,0,0,0,0.648148,0.01,LOW
1241,892c2a0692bffff,0,0,0,0.648148,0.01,LOW
1242,892c2ab9cb3ffff,0,0,0,0.648148,0.01,LOW
1243,892c2aaa4a7ffff,0,0,0,0.648148,0.01,LOW
1244,892c2a16a4fffff,0,0,0,0.648148,0.01,LOW
1245,892c2aab40fffff,0,0,0,0.648148,0.01,LOW
1246,892c2aa9b53ffff,0,0,0,0.648148,0.01,LOW
1247,892c2a169d3ffff,0,0,0,0.648148,0.01,LOW
1248,892c2a32373ffff,0,0,0,0.648148,0.01,LOW
1249,892c2a16943ffff,0,0,0,0.648148,0.01,LOW
1250,892c2ab8947ffff,0,0,0,0.648148,0.01,LOW
1251,892c2aa16cbffff,0,0,0,0.648148,0.01,LOW
1252,892c2aa8253ffff,0,0,0,0.648148,0.01,LOW
1253,892c2aaa1b3ffff,0,0,0,0.648148,0.01,LOW
1254,892c2a31583ffff,0,0,0,0.648148,0.01,LOW
1255,892c2aa82abffff,0,0,0,0.648148,0.01,LOW
1256,892c2aaa24bffff,0,0,0,0.648148,0.01,LOW
1257,892c2aa9b43ffff,0,0,0,0.648148,0.01,LOW
1258,892c2aaabc7ffff,0,0,0,0.648148,0.01,LOW
1259,892c2aa91abffff,0,0,0,0.648148,0.01,LOW
1260,892c2a31553ffff,0,0,0,0.648148,0.01,LOW
1261,892c2aa918bffff,0,0,0,0.648148,0.01,LOW
1262,892c2ab9a0bffff,0,0,0,0.648148,0.01,LOW
1263,892c2aa9e53ffff,0,0,0,0.648148,0.01,LOW
1264,892c2aa1e4fffff,0,0,0,0.648148,0.01,LOW
1265,892c2aa1e53ffff,0,0,0,0.648148,0.01,LOW
1266,892c2aaa14fffff,0,0,0,0.648148,0.01,LOW
1267,892c2aa95afffff,0,0,0,0.648148,0.01,LOW
1268,892c2aaa24fffff,0,0,0,0.648148,0.01,LOW
1269,892c2ab9b23ffff,0,0,0,0.648148,0.01,LOW
1270,892c2aa9893ffff,0,0,0,0.648148,0.01,LOW
1271,892c2aa9c03ffff,0,0,0,0.648148,0.01,LOW
1272,892c2aa9133ffff,0,0,0,0.648148,0.01,LOW
1273,892c2a06b17ffff,0,0,0,0.648148,0.01,LOW
1274,892c2a3237bffff,0,0,0,0.648148,0.01,LOW
1275,892c2aaf6c3ffff,0,0,0,0.648148,0.01,LOW
1276,892c2a06463ffff,0,0,0,0.648148,0.01,LOW
1277,892c2ab9b27ffff,0,0,0,0.648148,0.01,LOW
1278,892c2a1630bffff,0,0,0,0.648148,0.01,LOW
1279,892c2aa994bffff,0,0,0,0.648148,0.01,LOW
1280,892c2a334b3ffff,0,0,0,0.648148,0.01,LOW
1281,892c2aa9187ffff,0,0,0,0.648148,0.01,LOW
1282,892c2a16d6fffff,0,0,0,0.648148,0.01,LOW
1283,892c2aab4cbffff,0,0,0,0.648148,0.01,LOW
1284,892c2aaab4fffff,0,0,0,0.648148,0.01,LOW
1285,892c2ab9867ffff,0,0,0,0.648148,0.01,LOW
1286,892c2aa982fffff,0,0,0,0.648148,0.01,LOW
1287,892c2a06dabffff,0,0,0,0.648148,0.01,LOW
1288,892c2a33053ffff,0,0,0,0.648148,0.01,LOW
1289,892c2aaac07ffff,0,0,0,0.648148,0.01,LOW
1290,892c2a300c3ffff,0,0,0,0.648148,0.01,LOW
1291,892c2aaacafffff,0,0,0,0.648148,0.01,LOW
1292,892c2aaac9bffff,0,0,0,0.648148,0.01,LOW
1293,892c2a14877ffff,0,0,0,0.648148,0.01,LOW
1294,892c2a1683bffff,0,0,0,0.648148,0.01,LOW
1295,892c2a06db7ffff,0,0,0,0.648148,0.01,LOW
1296,892c2ab8817ffff,0,0,0,0.648148,0.01,LOW
1297,892c2a0654fffff,0,0,0,0.648148,0.01,LOW
1298,892c2aaa163ffff,0,0,0,0.648148,0.01,LOW
1299,892c2a3353bffff,0,0,0,0.648148,0.01,LOW
1300,892c2aa123bffff,0,0,0,0.648148,0.01,LOW
1301,892c2aaa257ffff,0,0,0,0.648148,0.01,LOW
1302,892c2a3358bffff,0,0,0,0.648148,0.01,LOW
1303,892c2aa82cfffff,0,0,0,0.648148,0.01,LOW
1304,892c2aa987bffff,0,0,0,0.648148,0.01,LOW
1305,892c2aaae4bffff,0,0,0,0.648148,0.01,LOW
1306,892c2aa9b17ffff,0,0,0,0.648148,0.01,LOW
1307,892c2aa9117ffff,0,0,0,0.648148,0.01,LOW
1308,892c2aaa147ffff,0,0,0,0.648148,0.01,LOW
1309,892c2aaab7bffff,0,0,0,0.648148,0.01,LOW
1310,892c2aaad17ffff,0,0,0,0.648148,0.01,LOW
1311,892c2a3315bffff,0,0,0,0.648148,0.01,LOW
1312,892c2a14903ffff,0,0,0,0.648148,0.01,LOW
1313,892c2aaa04bffff,0,0,0,0.648148,0.01,LOW
1314,892c2aab167ffff,0,0,0,0.648148,0.01,LOW
1315,892c2aa91cbffff,0,0,0,0.648148,0.01,LOW
1316,892c2aa1a7bffff,0,0,0,0.648148,0.01,LOW
1317,892c2aaa20fffff,0,0,0,0.648148,0.01,LOW
1318,892c2aa826bffff,0,0,0,0.648148,0.01,LOW
1319,892c2a33163ffff,0,0,0,0.648148,0.01,LOW
1320,892c2a169dbffff,0,0,0,0.648148,0.01,LOW
1321,892c2a33507ffff,0,0,0,0.648148,0.01,LOW
1322,892c2aa1257ffff,0,0,0,0.648148,0.01,LOW
1323,892c2aa9bc3ffff,0,0,0,0.648148,0.01,LOW
1324,892c2a16167ffff,0,0,0,0.648148,0.01,LOW
1325,892c2a33197ffff,0,0,0,0.648148,0.01,LOW
1326,892c2aaa86bffff,0,0,0,0.648148,0.01,LOW
1327,892c2aaae53ffff,0,0,0,0.648148,0.01,LOW
1328,892c2aab0abffff,0,0,0,0.648148,0.01,LOW
1329,892c2aaaeb3ffff,0,0,0,0.648148,0.01,LOW
1330,892c2aaa1abffff,0,0,0,0.648148,0.01,LOW
1331,892c2aa9883ffff,0,0,0,0.648148,0.01,LOW
1332,892c2a141a3ffff,0,0,0,0.648148,0.01,LOW
1333,892c2a33517ffff,0,0,0,0.648148,0.01,LOW
1334,892c2a30547ffff,0,0,0,0.648148,0.01,LOW
1335,892c2aad157ffff,0,0,0,0.648148,0.01,LOW
1336,892c2aab1b7ffff,0,0,0,0.648148,0.01,LOW
1337,892c2aa9827ffff,0,0,0,0.648148,0.01,LOW
1338,892c2aa9533ffff,0,0,0,0.648148,0.01,LOW
1339,892c2aab3b3ffff,0,0,0,0.648148,0.01,LOW
1340,892c2aab087ffff,0,0,0,0.648148,0.01,LOW
1341,892c2a315cfffff,0,0,0,0.648148,0.01,LOW
1342,892c2aa12a7ffff,0,0,0,0.648148,0.01,LOW
1343,892c2aa36cbffff,0,0,0,0.648148,0.01,LOW
1344,892c2a061bbffff,0,0,0,0.648148,0.01,LOW
1345,892c2aa9803ffff,0,0,0,0.648148,0.01,LOW
1346,892c2aa1267ffff,0,0,0,0.648148,0.01,LOW
1347,892c2aa94c3ffff,0,0,0,0.648148,0.01,LOW
1348,892c2aaa42bffff,0,0,0,0.648148,0.01,LOW
1349,892c2aaa43bffff,0,0,0,0.648148,0.01,LOW
1350,892c2aaac93ffff,0,0,0,0.648148,0.01,LOW
1351,892c2a06d1bffff,0,0,0,0.648148,0.01,LOW
1352,892c2aaa05bffff,0,0,0,0.648148,0.01,LOW
1353,892c2a3352fffff,0,0,0,0.648148,0.01,LOW
1354,892c2a31557ffff,0,0,0,0.648148,0.01,LOW
1355,892c2a3336fffff,0,0,0,0.648148,0.01,LOW
1356,892c2aab517ffff,0,0,0,0.648148,0.01,LOW
1357,892c2aa916bffff,0,0,0,0.648148,0.01,LOW
1358,892c2aaa1b7ffff,0,0,0,0.648148,0.01,LOW
1359,892c2ab9d43ffff,0,0,0,0.648148,0.01,LOW
1360,892c2aab12bffff,0,0,0,0.648148,0.01,LOW
1361,892c2aaaedbffff,0,0,0,0.648148,0.01,LOW
1362,892c2aa137bffff,0,0,0,0.648148,0.01,LOW
1363,892c2aaa10bffff,0,0,0,0.648148,0.01,LOW
1364,892c2aa954bffff,1,0,0,0.598622,0.02,LOW
1365,892c2ab9b33ffff,1,0,0,0.598622,0.02,LOW
1366,892c2a1498bffff,1,0,0,0.598622,0.02,LOW
1367,892c2a06d27ffff,1,0,0,0.598622,0.02,LOW
1368,892c2aa124bffff,1,0,0,0.598622,0.02,LOW
1369,892c2a149cfffff,1,0,0,0.598622,0.02,LOW
1370,892c2aaa1cbffff,1,0,0,0.598622,0.02,LOW
1371,892c2a3046fffff,1,0,0,0.598622,0.02,LOW
1372,892c2aaae47ffff,1,0,0,0.598622,0.02,LOW
1373,892c2aa334bffff,2,0,0,0.549096,0.03,LOW
1374,892c2aab433ffff,2,0,0,0.549096,0.03,LOW
1375,892c2aa91d7ffff,2,0,0,0.549096,0.03,LOW
1376,892c2aa91c7ffff,2,0,0,0.549096,0.03,LOW
1377,892c2aa8383ffff,2,0,0,0.549096,0.03,LOW
1378,892c2aa1487ffff,4,0,0,0.450043,0.05,LOW
1379,892c2aaa343ffff,1,0,0,0,0,LOW
1380,892c2a0619bffff,1,0,0,0,0,LOW
1381,892c2aa958fffff,5,0,0,0,0.05,LOW
1382,892c2ab98b7ffff,1,0,0,0,0.01,LOW
1383,892c2aaacdbffff,2,0,0,0,0.01,LOW
1384,892c2a3225bffff,1,0,0,0,0.01,LOW
1385,892c2a06563ffff,1,0,0,0,0,LOW
1386,892c2aaaabbffff,2,0,0,0,0,LOW
1387,892c2aab343ffff,1,0,0,0,0,LOW
1388,892c2aab37bffff,3,0,0,0,0,LOW
1389,892c2aa8063ffff,3,0,0,0,0.03,LOW
1390,892c2aab5a3ffff,1,0,0,0,0,LOW
1391,892c2aa9113ffff,2,0,0,0,0.01,LOW
1392,892c2aab133ffff,1,0,0,0,0,LOW
1393,892c2a04d6fffff,1,0,0,0,0,LOW
1394,892c2a3302fffff,3,0,0,0,0.02,LOW
1395,892c2aab5b3ffff,4,0,0,0,0,LOW
1396,892c2a3325bffff,1,0,0,0,0,LOW
1397,892c2aa955bffff,1,0,0,0,0,LOW
1398,892c2aaa64fffff,1,0,0,0,0,LOW
1399,892c2aab1afffff,2,0,0,0,0,LOW
1400,892c2aa13dbffff,7,0,0,0,0.04,LOW
1401,892c2aaa64bffff,2,0,0,0,0,LOW
1402,892c2aa105bffff,1,0,0,0,0,LOW
1403,892c2aa9edbffff,1,0,0,0,0.01,LOW
1404,892c2aa9aa7ffff,4,0,0,0,0.01,LOW
1405,892c2aab5b7ffff,1,0,0,0,0,LOW
1406,892c2aaa1c7ffff,1,0,0,0,0.01,LOW
1407,892c2aa94b7ffff,1,0,0,0,0,LOW
1408,892c2a328cfffff,1,0,0,0,0,LOW
1409,892c2aaa22bffff,1,0,0,0,0.01,LOW
1410,892c2aab097ffff,2,0,0,0,0.01,LOW
1411,892c2aaa393ffff,1,0,0,0,0.01,LOW
1412,892c2a33397ffff,3,0,0,0,0.01,LOW
1413,892c2a0498bffff,1,0,0,0,0,LOW
1414,892c2aab34fffff,8,0,0,0,0.02,LOW
1415,892c2aa84dbffff,1,0,0,0,0.01,LOW
1416,892c2aab043ffff,3,0,0,0,0,LOW
1417,892c2aab04fffff,3,0,0,0,0,LOW
1418,892c2a16343ffff,1,0,0,0,0,LOW
1419,892c2aa1e4bffff,1,0,0,0,0.01,LOW
